,perfect_foresight,naive,lear,gbm,ensemble
2024-01-01,58.169367671410456,51.49515657779689,20.72500368159519,51.01570807214654,48.9440851529979
2024-01-02,106.18576143729669,4.6627368958634,82.38470691418514,86.47470691418513,97.19097064464515
2024-01-03,121.9985529928286,111.7465080193623,102.47867700895505,110.83337503439498,110.83337503439498
2024-01-04,122.16344453105735,114.56826450793015,115.314305932402,122.16344453105735,119.37230791376417
2024-01-05,25.953864730039083,23.228039010627864,11.398721204951219,23.228039010627864,24.666286826228248
2024-01-06,10.008154733403327,6.372566042404799,-7.863428013508599,5.091884634081506,-6.450133254433741
2024-01-07,28.52301390297991,21.72908098163623,-12.547409096293979,26.986227372625063,10.289219614559482
2024-01-08,58.454807029791496,-3.567336730186131,58.454807029791496,51.22651522755267,58.454807029791496
2024-01-09,56.41284123168906,54.725955439852,54.725955439852,54.67444537403334,54.725955439852
2024-01-10,52.843873896266075,52.49783027773566,47.754956381160824,50.90808824639082,49.77003551850642
2024-01-11,66.46516689042545,66.46516689042545,57.240687898637646,63.64333368616548,59.79734659846427
2024-01-12,47.545235438175325,47.545235438175325,43.265897910738005,44.525235438175315,44.04778028263685
2024-01-13,0.0,-13.637710668478139,-8.845294117647057,-25.222352941176467,-7.455500000000001
2024-01-14,0.0,-17.09400834251743,-21.76250863474336,-17.043534953166603,-17.51250863474336
2024-01-15,16.02771640736911,15.062589294202223,15.662953819405896,15.003064118275812,15.662953819405896
2024-01-16,49.146891743012745,32.94552159276704,45.99521029250914,46.184623617346546,45.30236531454244
2024-01-17,42.627039462170245,32.79459664593566,36.771633102412224,32.63299643944572,42.54396991998891
2024-01-18,36.478026728094065,21.214610997119248,28.94481644287985,21.214610997119248,21.214610997119248
2024-01-19,14.224850246254757,14.09217280399454,14.09217280399454,14.09217280399454,14.09217280399454
2024-01-20,1.6065000000000111,0.0,-1.4156341311115632,1.5794117647058954,-1.4156341311115632
2024-01-21,0.0,0.0,-21.286179081818343,-18.400848587584523,-18.806800387815773
2024-01-22,0.0,-14.063587233156088,-18.013470880409745,-12.194949067342723,-12.20172125047019
2024-01-23,0.0,0.0,-16.533613373150818,-16.46961601864884,-16.46961601864884
2024-01-24,0.2680000000000149,0.0,-12.378818591316463,-3.5722247689985416,-9.37450293772391
2024-01-25,31.964630278485725,13.871499999999997,31.964630278485725,25.30432027274618,25.83932273981571
2024-01-26,4.274388019700378,-4.503537507626657,-13.216387886790873,-5.469741469498057,-12.583893424493876
2024-01-27,31.741307629707972,18.167499999999997,31.39761933598923,25.055315657239955,31.39761933598923
2024-01-28,49.127178455494956,0.0,47.36340887234654,47.18228324306884,49.127178455494956
2024-01-29,81.83674345409602,0.0,69.7890710333654,77.38162718874024,69.7890710333654
2024-01-30,20.19615646790419,12.669426669823832,12.176156467904192,13.04323960963988,13.04831874698547
2024-01-31,34.048361613886655,23.27279656570748,33.79084603312448,23.360678205140584,24.600678205140564
2024-02-01,16.490065822465024,1.6520951887621855,6.98638246288537,-0.1741176470588215,6.266382462885357
2024-02-02,0.24176470588236043,-12.39810563784474,-12.919437342853858,-8.541442003879045,-12.919437342853858
2024-02-03,53.266868274974385,49.03425382031034,53.17160185349739,31.183000000000007,50.05800000000002
2024-02-04,115.45072915603505,112.77486581884719,113.68136368952257,112.75145215256597,113.68136368952257
2024-02-05,28.075446190345076,4.01804555427071,6.311493096007126,5.739619692846215,5.9355789135525185
2024-02-06,8.352804080970841,-5.511909119156428,-1.2294582337240918,-1.2196932734796633,-0.31851680289142337
2024-02-07,48.383022021549905,22.64050647880599,36.95463552761022,36.57278160330483,36.95463552761022
2024-02-08,42.76749787432284,9.20706896137693,9.20706896137693,9.20706896137693,9.20706896137693
2024-02-09,3.1250000000000213,-13.46343469735584,-5.989401159799904,-12.183999999999997,-13.46343469735584
2024-02-10,9.235057616504502,-4.093643502328366,-0.43951800231274163,-0.43951800231274163,-0.43951800231274163
2024-02-11,25.333103485760656,-15.293603330091644,3.02552064385452,9.1778967341277,3.902465452856813
2024-02-12,34.63742638504716,9.740801006741407,28.27388282354412,33.04196861817563,33.04196861817563
2024-02-13,19.299755376331262,14.577905004770699,8.97518788004021,13.531228773285747,9.88064588981689
2024-02-14,12.23512137427592,9.748618979235232,6.854954491248307,9.379799803363948,7.664156259164049
2024-02-15,10.220444987173465,7.277055711178818,6.052248889715784,-2.5822804042437824,7.490425557690173
2024-02-16,0.0,-8.195947788340433,-9.904803705156187,-3.579411764705874,-7.463432947647679
2024-02-17,19.337488636015532,11.674089316961723,17.179148053203516,16.67809559478557,16.67809559478557
2024-02-18,30.42423929830191,4.854929785976264,24.090243868289132,29.842714570270427,26.038129538364867
2024-02-19,18.57559220916671,14.442630168490108,18.01601905741902,16.954278035815886,17.22685840669625
2024-02-20,24.805228826408396,10.567664127379611,20.406567147140663,16.752296645339964,20.406567147140663
2024-02-21,6.193378917950049,4.078741750215613,-13.1241350078923,5.981369322785792,-2.256600244508185
2024-02-22,2.5944417344126087,1.8125904139395583,-3.741994128199547,2.2244417344126184,2.2244417344126113
2024-02-23,12.552285972309942,-8.415738691090535,1.285749049135159,0.10413729278298334,1.21929341539008
2024-02-24,43.64082276257521,31.405734701907743,39.221949966780045,42.39474519650929,39.221949966780045
2024-02-25,39.74377227781288,35.64350163955815,39.74377227781288,39.46749101569459,39.46749101569459
2024-02-26,21.860062247012166,17.449470656462307,21.784771241715717,17.660967494790906,21.668473882661843
2024-02-27,67.45824185255613,55.32277971339229,58.08661691808615,53.09254831721363,67.32011123987002
2024-02-28,37.55409967500634,14.28592768347028,14.924858714386794,14.69823386335112,14.754901365047058
2024-02-29,8.134200321838989,0.6377157053179516,6.146470588235289,5.963529411764711,6.063529411764705
2024-03-01,21.294445233828927,11.204472736466158,9.322941176470593,19.00311209409708,13.35682567764259
2024-03-02,23.89458023797088,23.517031028614863,20.298955345166586,21.277889659258545,20.298955345166586
2024-03-03,41.374158638843056,41.374158638843056,41.374158638843056,41.374158638843056,41.374158638843056
2024-03-04,43.63132533219112,43.490802532296264,40.035530713577955,39.86195332599199,39.90418974359732
2024-03-05,36.003358342065226,17.46727873796994,17.839844761622913,31.08891932898129,31.08891932898129
2024-03-06,56.2662674954895,51.090951853045155,49.303043960077176,55.23299231005852,49.303043960077176
2024-03-07,3.614647058823536,-7.388197771129299,1.958457349288274,-8.017927983042526,-3.4582352941176246
2024-03-08,0.0,-18.353705882352926,-17.007911764705867,-19.51522082533474,-17.94999999999999
2024-03-09,0.0,-9.139523251437215,-10.326439047043042,-13.077019550832905,-9.139523251437215
2024-03-10,0.31750000000000966,-22.265936963237397,-23.334185898575083,-24.578104518107427,-24.92410716360543
2024-03-11,83.8113606798727,44.64163003943388,82.39640618862443,77.50329926761538,80.90573610205384
2024-03-12,61.106793016713056,57.76187599116841,60.415333018073454,57.76187599116841,58.84817828831757
2024-03-13,16.80422145165816,14.117684479111116,8.922327359072284,12.712467031740118,13.33597086140064
2024-03-14,24.78225611270176,19.1639965497501,24.096006144914366,23.93726509674991,24.096006144914366
2024-03-15,0.0,-19.459876352187393,-21.19797778460847,-11.184317718286113,-19.47089454808446
2024-03-16,25.42894610685931,0.0,10.98406286198156,21.98109564030457,21.98109564030457
2024-03-17,71.06635677808042,9.803000000000004,65.44110151939991,70.83906179505813,70.83906179505813
2024-03-18,95.23607417227731,89.00439242949635,88.1769259176285,91.22184495849443,93.78038685767983
2024-03-19,107.4432849016361,76.62278627183075,104.22996113312104,86.2352552507681,104.82996113312106
2024-03-20,129.33057186087677,129.33057186087677,126.1432660794157,129.33057186087677,129.32322639694547
2024-03-21,74.63809544271257,73.93507244162973,60.72368852871142,73.95692519682555,61.84130086586801
2024-03-22,61.92660033138414,59.67751109390049,57.64734875794625,59.310269973707236,59.310269973707236
2024-03-23,149.17453761690183,145.31591155884126,148.33906781435783,148.12366208457067,148.12366208457067
2024-03-24,143.30301719303856,135.95295312028173,142.8007272315458,140.80658339512001,143.17658339512
2024-03-25,124.5797945384146,119.16598011054732,123.1103827737087,120.23427352624617,122.47801840412262
2024-03-26,36.84143609020707,32.053371497475,34.55240589259667,36.84143609020707,35.20247945052209
2024-03-27,48.327800391463256,39.81016303404924,40.35511801110778,39.606621658692376,40.35511801110778
2024-03-28,1.9395000000000095,-9.473993995290034,-20.685644659981023,-12.065528766380698,-19.422775773581737
2024-03-29,33.78351885623103,-15.255499999999998,32.522302699216354,25.734267188004804,33.73611357433883
2024-03-30,130.48522635486802,113.34091724491834,128.29219044128055,128.29219044128055,128.29219044128055
2024-03-31,129.92528468873388,128.10655375570894,128.10655375570894,120.80625330326212,127.47335463329121
2024-04-01,90.01587684508674,30.750316238353186,-10.225547197579218,-24.304032558022964,-23.764703054367303
2024-04-02,127.95541787108738,20.768694749971043,25.473280913482526,35.789384957236635,28.430556615138364
2024-04-03,53.84062361359615,35.63959258123097,49.9385762979545,26.54096892951365,49.9385762979545
2024-04-04,20.011146170585878,-15.23477410720497,-16.35176560146634,-15.197428036010784,-16.309439456919705
2024-04-05,34.55352941176471,12.901772900488833,-2.244117647058829,22.201772900488844,4.334048514754148
2024-04-06,213.10695110475456,185.4700421332003,202.42695110475455,212.2377249465522,208.79457666940124
2024-04-07,257.56041162316353,255.74966294578383,254.17143108295846,255.52180754509004,254.03869944017578
2024-04-08,60.038823529411786,37.83545003141107,53.6063395999404,43.67013931226636,46.19653643736453
2024-04-09,6.7690000000000055,-7.804705882352938,5.338491368904069,2.2806831126153924,5.856563378154956
2024-04-10,91.3828473309815,22.67500000000002,90.92402380156975,89.9282336312854,89.27058657246187
2024-04-11,203.3474809261901,175.4267198418971,199.74744975726796,202.98975683273284,200.07211926303412
2024-04-12,166.1218009145713,165.20417010080013,165.6241457332216,165.9425715946461,165.6241457332216
2024-04-13,247.31840392186803,246.34439540456952,230.23615350264117,246.64877306622532,246.64877306622532
2024-04-14,341.90777888438856,339.94875797841394,335.83704059567395,310.44459378234416,335.83704059567395
2024-04-15,79.09588235294117,62.84,37.80000000000001,45.45454406282937,45.45454406282937
2024-04-16,225.03559330121055,137.98564705882353,51.28908793505286,122.21660348622379,133.67823529411766
2024-04-17,16.846058823529418,8.399421029677441,16.31613244593153,9.233442725093724,9.682434207898169
2024-04-18,80.48532815601469,69.97123529411766,76.71610109431592,78.29041765140488,78.21145391414275
2024-04-19,87.17014182819356,12.714383870532174,39.141426851899766,58.07376572625762,59.234899937207516
2024-04-20,108.9205630777593,103.81470812871078,104.1305630777593,103.87281734596456,103.328059377155
2024-04-21,156.14801136675706,149.33005330390927,156.14801136675706,150.82051015593035,156.08986268723012
2024-04-22,29.583529411764715,25.926235294117646,25.144505078454046,25.397539242333366,25.144505078454046
2024-04-23,67.2525552479222,52.35294117647061,11.802930849046433,20.413047425946058,20.487165073004885
2024-04-24,36.460588235294125,29.36014971572702,17.647359811158765,29.227238448236875,27.02588235294119
2024-04-25,31.041834733771026,9.897647058823551,-1.185324459109296,-1.0240915258158907,-1.0479642835928331
2024-04-26,30.260526276603166,11.54850929158431,23.20855098937588,25.352433232321424,24.754787923206045
2024-04-27,155.2186036633143,153.37935311482534,153.21603015106217,151.05860366331427,152.56669113952987
2024-04-28,240.88249221783698,240.74733568149992,209.78636227303704,235.05095066415453,236.87533997837323
2024-04-29,150.69063401310063,111.74941176470591,144.711057938579,148.46596844318879,148.46596844318879
2024-04-30,147.88984255965192,147.56113304872352,147.30670454180103,146.8224092666042,146.4449442388314
2024-05-01,81.00944129746001,65.25408786641415,66.3527381666445,65.76877378410128,65.76877378410128
2024-05-02,118.79552671252654,15.48727472212293,26.64270463782438,64.67273529411763,28.275888153073033
2024-05-03,54.18081311053797,52.06446967348781,39.4776719576284,51.085686604633935,51.671881468402425
2024-05-04,149.18302548638957,147.7337782971126,146.8893253999035,134.17332107677763,147.7337782971126
2024-05-05,191.0006828953453,189.91278695805707,185.4301089351983,190.5188795506935,190.5188795506935
2024-05-06,58.05229722989475,54.510323161149344,52.06656276297973,56.96087241602436,56.845181359105425
2024-05-07,81.03046271236462,73.3230836198394,75.66589586479625,77.92931575973492,77.84804956220536
2024-05-08,33.492359651687956,28.87235965168795,32.61035307012977,32.4507706800748,32.61035307012977
2024-05-09,164.26072100288843,155.30929907721531,157.15467787016826,155.30929907721531,155.30929907721531
2024-05-10,136.5434072282661,135.4716429361137,110.90870297416875,127.32341170721536,127.32341170721536
2024-05-11,181.3110643222364,176.88671105086718,180.8615219296371,180.26387676863854,180.8615219296371
2024-05-12,429.11589925257016,353.85458433467915,412.65601004516276,414.53690790308696,414.53690790308696
2024-05-13,173.48150733262136,148.11802293640034,172.51921124121577,169.97728325046666,172.51921124121577
2024-05-14,183.57459814482627,181.7534553788684,180.5267896002164,175.75712505869512,183.16692489663572
2024-05-15,138.64313871594587,133.8812510643021,128.38530578104945,135.53554838148443,138.24354547807985
2024-05-16,121.75189053192867,118.57697331680743,113.52187542932165,115.31715967473437,113.26744692239913
2024-05-17,85.92459864250516,77.47040315606068,73.19314712283703,84.14217272795801,84.14217272795801
2024-05-18,144.7429591741581,139.00632199517256,138.80003467917786,137.63918959100965,138.80315650134867
2024-05-19,186.76998141965547,176.26728863583932,177.36624658483822,183.9317080940312,177.83883556405505
2024-05-20,141.4272598505524,130.02540920942246,133.06879082203693,132.77613317361767,132.58698747738515
2024-05-21,10.968500535131056,-0.6765147723628395,6.6898173350222425,7.332276172155879,7.190596353864095
2024-05-22,60.748157405359734,57.68297944692614,21.63773425401282,48.78756060714525,47.23083295375118
2024-05-23,14.510294542731032,14.400586386841411,8.800981986178883,7.705918945768843,8.543431657085534
2024-05-24,0.0,-31.01737116748808,-29.49819920980822,-24.52342035012844,-27.93532587508018
2024-05-25,136.40638974212678,133.64160531833704,134.89833351482605,132.9511502653964,132.9511502653964
2024-05-26,177.8276213315295,173.18717009299064,175.22660729564012,175.99863617217082,175.99863617217082
2024-05-27,0.0,-31.11184190738472,-31.032032770925184,-30.7718419073847,-33.18400044414453
2024-05-28,6.369859256967114,0.0,-1.16265264615609,-0.4893001831862165,-0.2488876821612962
2024-05-29,9.706073527510853,6.099510828699021,6.859279872914573,7.112221899553116,7.112221899553116
2024-05-30,27.79102439393402,21.482011872142515,-32.6988034393372,18.568635823638004,-31.334658968984314
2024-05-31,0.0,-46.09575062406225,0.0,0.0,0.0
2024-06-01,97.96365414078174,79.46501233534768,94.00123697873165,86.87453240235399,89.45453240235399
2024-06-02,147.1188100886078,128.26441727497271,132.36367382400957,130.6870210911834,140.65021814890756
2024-06-03,11.214000000000013,0.0,-28.197862255365862,-26.583963456338736,-27.455327670204397
2024-06-04,7.219411764705896,-25.48600000000002,-9.407522568755411,-4.019933372783104,-0.7499333727831079
2024-06-05,48.100972914740225,21.965882352941186,16.765945886559276,39.490186304598495,16.620781155615756
2024-06-06,85.45609630038125,81.12006894169882,76.55385258770966,84.03300893426422,84.03300893426422
2024-06-07,99.15476780251105,89.65319293522016,59.53291298262168,89.12379281912104,86.00202152813598
2024-06-08,173.89819004255205,171.7549665298477,162.8693046798581,172.27819004255204,168.15750928295142
2024-06-09,185.94010538640967,166.006599981822,177.54330992877675,182.7330353546677,183.53553905527198
2024-06-10,6.327970588235289,-16.349999999999994,-17.416634669941544,0.7435169356980396,1.3156143599786176
2024-06-11,22.99150065273034,2.4099411764705962,11.444605118023897,9.881517554417794,18.700305386585892
2024-06-12,69.6464900325142,63.74358961283511,51.05524311635111,60.158819577732615,64.76242546228431
2024-06-13,6.273000000000003,1.4055128442261964,-2.278919966864546,1.8727934800211088,-1.7560147532507777
2024-06-14,0.0,-15.192999999999998,-25.931874731226717,-28.4346084426592,-25.931874731226717
2024-06-15,204.65766646061337,198.17845476713478,195.21126112904005,193.77741410148414,197.99445741263276
2024-06-16,201.34500431449302,189.73609563187753,192.63236449000948,196.26609563187753,192.63236449000948
2024-06-17,33.42972918696425,1.1532647058823642,-12.56280972507345,25.083726541466245,22.95868382612349
2024-06-18,49.37403290362885,4.003860110885428,9.186746703724012,8.92988396223912,5.934007397561164
2024-06-19,1.5940000000000083,-18.711092554618176,-11.704731437792887,-8.97532619006562,-8.97532619006562
2024-06-20,25.45203969767757,6.299500000000002,18.08669504974919,10.986000000000011,4.028142310665142
2024-06-21,74.34166041151654,32.13597106284593,0.0,32.894999999999996,0.0
2024-06-22,137.89589483193484,114.87912362042789,129.70624182548016,130.90186401570762,130.501973342957
2024-06-23,116.03889823666577,114.06799179706942,113.6568622319374,115.92807354960136,114.88162652419273
2024-06-24,59.242537154417136,57.89034170984422,57.755213499648065,58.98805780222787,59.20034170984421
2024-06-25,50.72072513330482,45.7054136735761,36.001993683849136,44.79164870958134,35.98804202027773
2024-06-26,29.39470588235295,24.160884770638454,18.14218231187118,9.352001301813246,10.759585354288788
2024-06-27,16.453806081187775,-0.9429411764705833,10.308746225208647,7.828065150622606,9.555366992273196
2024-06-28,109.79540031672103,108.50861038173817,82.53098898105534,108.38356334347537,107.11941950704954
2024-06-29,111.39263419122034,73.67287949423218,103.56850183257642,101.45274259226531,103.67464378638458
2024-06-30,114.70712533617694,114.63432436755672,114.63432436755672,113.97207058911792,114.0688470764136
2024-07-01,31.641239666512888,3.8571760758159463,18.571658050589356,5.262404074764408,7.900221470615843
2024-07-02,53.12509206860208,32.29928195635998,15.369088235294122,33.17700000000001,33.823823529411776
2024-07-03,3.0985000000000014,-25.231937008859305,-15.34962637669344,-15.72679411764706,-13.054194191926111
2024-07-04,81.4132959163158,-8.472999999999995,27.986470261381253,30.122999999999998,75.36229773050063
2024-07-05,95.16929999653657,90.08526845159395,92.46723063278371,91.46813230510959,91.45969321619502
2024-07-06,167.50778262773923,165.5336735623526,166.91232719513064,147.54081072587348,166.91232719513064
2024-07-07,128.20819021733308,126.99018658500724,124.90858046880152,127.01360025128848,127.20126946092392
2024-07-08,66.95243147470086,6.496358801314159,59.49844328246965,47.88307717098486,60.12280771663535
2024-07-09,77.17006372319476,74.24977268383627,75.79412595520546,72.48256423936816,76.71006372319475
2024-07-10,12.55235294117648,0.046358247379810535,4.180587920308696,-1.9071803799841556,2.367750818006826
2024-07-11,14.492210421771187,2.7229411764705844,9.4727134505331,11.547011747248387,11.547011747248387
2024-07-12,35.22177017520396,4.593372864073654,8.537336085419689,2.0048588545911663,5.3145137855350235
2024-07-13,131.99130311618205,131.0246054132283,124.397562503941,127.34713238042565,125.98344816672184
2024-07-14,634.7769418012501,240.75058561460776,345.40602359143384,269.3556662212527,345.40602359143384
2024-07-15,84.49270529738646,80.01411367267164,79.03499481848499,31.305788276415594,79.03499481848499
2024-07-16,96.33315179531915,92.11970301239288,95.84304149644922,93.98201500720117,94.54715663842026
2024-07-17,71.30828905424595,48.880706531281454,45.95164613636945,45.01800837293204,50.03866761169155
2024-07-18,54.192692977349026,-15.319075520227065,-5.9043743024438236,-11.517276893473447,-7.056797666487112
2024-07-19,15.180568221256056,5.440988210880107,8.145567014128218,5.440988210880107,13.160568221256053
2024-07-20,68.63836031936829,64.14269112494011,64.14269112494011,63.84030153760749,64.14269112494011
2024-07-21,88.32859078538628,86.03421146881067,86.8201516964717,88.32859078538628,87.00433920455058
2024-07-22,41.72023905164641,25.47174214134044,30.009130418844478,25.493594896536248,25.47174214134044
2024-07-23,6.754991866119802,6.00031662146268,4.921536520798838,5.89950012900475,5.765445412257414
2024-07-24,172.05054549277253,116.5210254257662,159.01912514993896,170.47423864855,162.1300209431695
2024-07-25,39.37544635721369,34.53532893410234,35.28528570284348,36.062456229345116,38.155585665523844
2024-07-26,16.60063516345836,14.01790992015793,13.690816708698822,12.156831006759798,12.156831006759798
2024-07-27,64.17444729852254,51.41093194170783,62.1309531475635,50.878034706459644,60.20322795707693
2024-07-28,299.9689508118596,282.7000161679866,284.57488772572475,289.12488772572476,288.8801541472018
2024-07-29,94.75744667949401,75.8198108022188,85.6787366560911,87.57429059875848,85.42165767831925
2024-07-30,59.335974406233035,57.48358880808321,55.58628173605996,59.147104164897925,58.117535317318456
2024-07-31,20.458334843921048,11.837533427405905,14.136498914376197,16.3912985582693,14.90311131600943
2024-08-01,0.0,-18.97031287518502,-17.574160878317674,-18.442999999999998,-17.574160878317674
2024-08-02,0.0,0.0,-29.633893864888037,0.0,-29.55038251996416
2024-08-03,53.44451742515574,49.97638851676173,50.20424391745554,51.18451742515573,50.20424391745554
2024-08-04,106.91649878105501,95.53232977625495,96.50467009324795,99.4419418136334,99.54807943660913
2024-08-05,40.831764705882364,6.028744475500492,35.245988168905654,10.569337891795005,10.401310404365127
2024-08-06,53.988158016578765,51.708882352941174,52.0841459504917,49.967091427174296,49.967091427174296
2024-08-07,10.090266019101076,-0.5146455065014948,-7.0853235294117525,-7.349411764705877,-7.314117647058808
2024-08-08,0.033000000000008356,-2.7999046783283132,-5.637916509216829,-3.0950894953902015,-4.566202284243538
2024-08-09,16.963412546543896,6.362000000000005,9.738818276331067,15.983000000000004,14.873450164320559
2024-08-10,150.21361267402665,145.12957868128092,149.18752156548527,146.22537794571198,149.18752156548527
2024-08-11,190.27104297617632,182.3977909437982,190.27104297617632,190.27104297617632,190.27104297617632
2024-08-12,79.36950043607779,69.928,77.01886015974308,77.26979957129822,77.56361812855265
2024-08-13,41.1270314423448,28.17130476026251,20.94437947948804,29.180846959328946,28.25366577459289
2024-08-14,25.242999999999995,-11.847894389025328,-37.76153827446319,-9.97305653884456,-8.509551494658382
2024-08-15,106.67856576512885,-24.59599999999999,39.80058823529413,1.391764705882359,42.8249705882353
2024-08-16,39.438843391376814,36.74947065646231,35.72321752695202,37.96169143627809,36.74947065646231
2024-08-17,45.17247211003979,38.82569708413108,42.06293436325838,35.74647411035966,41.510371839021744
2024-08-18,59.67891261846982,48.62814038617593,49.855598578028506,53.879522761670756,59.07952276167076
2024-08-19,79.69,62.32909335895839,74.35104460546115,74.24254635522078,74.24438272120362
2024-08-20,130.08662437210862,71.62294117647059,108.29977222073404,114.85599259452646,114.14585930551601
2024-08-21,103.51769539109009,98.4000125629426,97.90896655733538,100.32663593383946,100.32663593383946
2024-08-22,208.25401758375173,205.4368054996629,208.11996286700435,205.4368054996629,205.4368054996629
2024-08-23,173.568803153943,164.76212755242892,165.73365697565055,167.31109535491035,167.31109535491035
2024-08-24,227.17130169229873,215.20499500703244,216.51143409656453,221.2805171241426,224.52078490086421
2024-08-25,230.71545340834558,228.82357645639607,228.54930303973387,228.54930303973387,228.54930303973387
2024-08-26,79.78705882352942,67.84588235294119,56.863299715921926,62.565307910940106,56.863299715921926
2024-08-27,200.90720494797878,138.85764705882355,200.34160422526398,194.0818338263184,193.51623310360358
2024-08-28,176.0734035353169,175.77407588011394,174.10712492640317,175.77407588011394,175.65287572524647
2024-08-29,152.3341655883034,145.22102531222606,139.7229817999409,145.22102531222606,145.22102531222606
2024-08-30,35.86915218654694,33.1709131234436,32.85639338277673,33.1709131234436,33.289060368247796
2024-08-31,202.25274302079083,200.58045633851737,202.25274302079083,202.2307334256266,202.2307334256266
2024-09-01,233.69193488585182,216.53780763612804,230.00022749284255,229.62716974342857,230.00022749284255
2024-09-02,150.75967147911302,114.43941176470587,149.606999191189,150.6384713242456,150.6384713242456
2024-09-03,231.99918586744008,231.20156030279338,231.99918586744008,230.3182682650472,231.99918586744008
2024-09-04,97.91058823529416,10.781705366848541,10.781705366848541,10.781705366848541,10.781705366848541
2024-09-05,12.58269144783796,-0.3299999999999983,-17.846406192580616,-1.8390294117646846,-13.331493623277225
2024-09-06,10.251847209837727,-2.480097750722962,7.045124437254245,5.194176470588246,6.443898214472355
2024-09-07,197.6616311087697,192.2392898468204,192.2392898468204,192.2392898468204,192.2392898468204
2024-09-08,222.28232667078754,220.5803966153448,221.9514135206797,221.57760058086365,221.9514135206797
2024-09-09,84.17752014263112,12.978246977301055,26.524619909601697,32.976181401285714,26.524619909601697
2024-09-10,156.54569321640085,83.74570339570822,46.96813902456269,96.716599060603,63.745047786759216
2024-09-11,123.79152760831639,54.89821071425443,51.691300661495774,88.58803966726296,57.665531806651046
2024-09-12,73.18352941176471,40.47730481775302,67.56237541093007,38.489247322598175,40.683877217974384
2024-09-13,43.06276470588236,29.100588235294133,38.53672721695608,33.67982352941179,38.53672721695608
2024-09-14,173.45490046843383,167.56597738130625,168.881154709769,168.74067271208173,168.881154709769
2024-09-15,183.99509243588676,183.85644566173698,181.67723014990042,183.93601881348465,183.93601881348465
2024-09-16,44.557808199004,39.18323111088742,44.24214393871489,44.39089580802617,44.12094378384742
2024-09-17,53.696470588235314,31.10280175066407,53.219411764705896,49.2529411764706,53.219411764705896
2024-09-18,128.83282321422053,108.38264705882355,124.44882352941175,104.38823529411766,124.44882352941175
2024-09-19,206.8449934291783,206.49057479449013,198.6835447266564,147.27882352941174,200.08127553062516
2024-09-20,195.42833655114015,183.25199399092216,194.7837720911632,182.195533423038,182.195533423038
2024-09-21,192.99349247230197,192.2791461049771,192.99349247230197,192.99349247230197,192.99349247230197
2024-09-22,199.88050915368936,195.90688542249396,198.2570822599181,198.2570822599181,198.2570822599181
2024-09-23,26.735294117647072,14.130508528703956,21.22861669434453,13.890100961818106,13.881794007599986
2024-09-24,33.40882352941176,20.73823529411765,22.404117647058854,29.96882352941178,29.96882352941178
2024-09-25,55.01086364081928,46.83235294117648,40.55440328917604,41.31775655689779,41.16790909269804
2024-09-26,42.09484657205735,-7.920443852640489,-14.839425887779981,-13.668926210317608,-14.953739670211803
2024-09-27,111.04188278167261,91.68617617779624,85.12762597837664,85.4824562866298,94.62527303720016
2024-09-28,179.9295914229608,171.21251510923292,170.05920713453662,164.40528442312075,169.58542471096382
2024-09-29,191.35139030741516,187.9094431527959,189.72517014986363,189.56972176941622,189.72517014986363
2024-09-30,120.06321100601721,71.2258823529412,51.03836798670464,112.51729528613913,88.72248563376348
2024-10-01,129.76347385548297,123.48761396833916,100.21221522654527,128.49344314175067,123.61974050080454
2024-10-02,100.44028033966424,90.00446672009339,94.57784438205792,94.57784438205792,94.57784438205792
2024-10-03,87.86897044381743,53.23255433358639,61.83465595933447,53.577935673086984,52.05375190732957
2024-10-04,82.218660244545,69.64161764335992,78.75947639139707,69.64161764335992,73.90198710270266
2024-10-05,137.11207898121347,130.90937656015564,136.83452865212007,116.78653048515967,135.79155555134776
2024-10-06,188.77184565263317,159.06524317260659,187.98214928951091,187.98214928951091,187.98214928951091
2024-10-07,215.9575038442503,209.03467954383993,207.22050286482033,206.47365281959918,208.8475231256168
2024-10-08,149.5617060412063,141.3834651296502,143.8034706710521,148.44152279167372,148.44152279167372
2024-10-09,104.44989322325446,102.29763805550897,103.32278936542954,103.03952991257644,103.37742125341904
2024-10-10,130.36557810484442,115.90845392195223,116.8633454068525,115.90845392195223,112.99230474120189
2024-10-11,141.05311530519222,139.94855152851463,105.28616491728442,123.07480721248496,106.85617926451182
2024-10-12,110.08096697044779,92.66244367724195,108.78954259301537,92.66244367724195,92.66244367724195
2024-10-13,159.31998582652443,153.75996087834727,153.82574674841962,157.1071081649201,156.94945614529328
2024-10-14,136.60914660661217,128.54104590290652,128.54104590290652,128.54104590290652,128.54104590290652
2024-10-15,110.53715901809927,55.75148747856875,109.02223538078773,60.60894195080789,106.48671217851694
2024-10-16,139.14110906132748,85.10073964051763,115.93617650860647,85.10073964051763,84.27683886762902
2024-10-17,162.01835629956503,62.76009550040894,159.1207539067231,159.0080010353767,160.89394889975367
2024-10-18,36.55380182639185,30.92555675878439,5.639339375890046,33.80978251461079,31.786712972429427
2024-10-19,25.300914095064098,25.109639289198082,25.109639289198082,25.109639289198082,25.109639289198082
2024-10-20,129.66414763895898,113.33122107928514,111.91363835883162,128.3797659881204,126.77487393741715
2024-10-21,219.34234668878182,203.2566556585271,215.5448765293809,216.71112528264266,216.82794544159137
2024-10-22,117.83664705882353,77.58910969191588,91.35446451915159,115.08352941176474,105.83451155001657
2024-10-23,167.42795791473102,162.0043529411765,165.93976125938283,165.93976125938283,165.93976125938283
2024-10-24,133.17981609383236,84.7617233724485,82.20502284942152,122.38622137207716,82.20502284942152
2024-10-25,87.56921596702635,81.50029089124169,45.09711906313265,69.85058823529414,67.32262151473762
2024-10-26,66.23629791298822,62.49712967492182,59.52928158804609,66.04347948478997,63.249667250981304
2024-10-27,181.33819142790253,153.25691763614608,165.25703652357143,165.25703652357143,165.25703652357143
2024-10-28,133.7479641769359,59.63845353093032,116.72630396290839,112.20411257168617,115.93221097174934
2024-10-29,119.13257061218619,106.28527960647804,70.25911519874114,107.11862248949095,107.35735006726017
2024-10-30,83.84971454745947,81.95275077603237,73.23630168593014,80.04318192845291,80.35978148966178
2024-10-31,27.41785994776714,8.079328190385489,17.819292812083468,16.26267070904072,18.30996887649394
2024-11-01,134.56529329707035,126.4486784288822,41.85090620460363,31.274705882352933,41.85090620460363
2024-11-02,70.33990257905806,57.50997936683052,49.36625856425525,60.62503529091158,60.62503529091158
2024-11-03,137.29774041351695,129.82934307176623,100.86765089886032,137.29774041351695,128.20972820743134
2024-11-04,101.85609591331553,91.16146400261803,91.87729813287659,91.13208214689256,93.4081876026614
2024-11-05,136.90410854104346,132.705844943493,128.2890949111775,132.4247419547937,129.31915723422614
2024-11-06,72.85737711866378,45.010393534643896,70.469114955836,66.80296278418761,70.45557058958109
2024-11-07,74.04946165314773,63.02553141562913,62.28133758410448,73.21110703809376,73.634113942241
2024-11-08,43.72868392882424,35.47246438249178,36.794251315222574,36.884582819095186,36.884582819095186
2024-11-09,58.82708806796235,56.95368762917121,58.15156280099798,50.53511372569136,55.61682683488357
2024-11-10,31.342020898165156,26.65559283913758,26.65559283913758,26.860451378743317,26.860451378743317
2024-11-11,51.66120432967071,35.82888934792055,50.87873600736843,51.66120432967071,50.87873600736843
2024-11-12,84.28409631183818,57.60303731373358,59.95677438802544,59.20388935927457,57.971412329891336
2024-11-13,106.44453747669746,78.47242242597022,94.95749147088435,93.12078685993008,93.25453747669746
2024-11-14,52.237474114007085,51.152906298774425,52.000215629024126,52.000215629024126,52.000215629024126
2024-11-15,31.015437433891858,22.209877103610832,22.59877586461976,21.070962921053308,21.04543743389183
2024-11-16,6.048597363605818,5.862937407484889,3.7186808925100756,-0.21288943166360141,3.7186808925100756
2024-11-17,0.0,-6.966659329797427,-13.215522397518871,-8.693608753997143,-8.685143525087813
2024-11-18,76.0058862581751,68.00282070517653,76.0058862581751,68.00282070517653,75.81457208482428
2024-11-19,32.71937246534516,6.7549713929357225,24.617847107342794,7.073263999926461,22.829043003458093
2024-11-20,24.315516973613395,19.166835451132428,21.715440303337317,12.33909290376857,20.980719952304398
2024-11-21,58.56864579461687,57.146588223631326,56.4321901608718,55.51699705045887,57.146588223631326
2024-11-22,13.2696418436582,1.7231419082892039,9.522489038391466,3.1177798501550846,3.1177798501550846
2024-11-23,0.04500000000003013,-9.640364840189068,-3.8149999999999977,-1.3034999999999997,0.0
2024-11-24,0.0,0.0,-20.412681571647386,-7.789999999999992,-15.569173073460934
2024-11-25,2.27800000000002,-3.378042999810635,-1.4840574380759968,-4.431144420877672,-3.378042999810635
2024-11-26,36.876989736640795,16.822000000000003,36.212041614254375,26.633562038117613,33.61849693301397
2024-11-27,117.55595015615084,24.1377267654137,116.01595015615086,74.51064849657621,116.26652093186698
2024-11-28,0.0,-22.604016950853865,-12.233335876267823,-21.723134559894422,-19.289121913208767
2024-11-29,97.57162351454289,0.0,96.0016091673155,61.60311828817788,91.57143129627238
2024-11-30,21.50928337233091,0.6765000000000185,19.442959432888117,21.025264182002413,21.025264182002413
2024-12-01,34.10720172604424,0.0,21.402809087190217,30.06512231923217,21.402809087190217
2024-12-02,52.13163548209124,23.033000000000015,47.1015176946222,52.06391365081663,45.39859207990462
2024-12-03,122.84007964534932,118.64990957789078,91.16124285782698,69.16990957789076,91.16124285782698
2024-12-04,200.4732348452964,187.3124792411644,166.9382565295645,160.56276723629634,167.40892325692317
2024-12-05,30.066948934433267,6.378901896067532,18.543710129545243,8.466299108762026,16.89694893443325
2024-12-06,16.889556250060256,9.156803257261284,9.156803257261284,11.291892752651503,9.156803257261284
2024-12-07,0.0,-30.971935619552628,-30.611978661234833,-14.184705882352937,-23.049999999999997
2024-12-08,38.45624714375802,-14.226362061781533,-27.151069360105385,37.90882177574743,11.21472192596006
2024-12-09,58.12491445921599,46.71419307218879,35.65135830019365,48.50192988066168,47.64114281137391
2024-12-10,94.93515496829312,88.62600817503127,87.95469736089242,67.1884516518572,87.95469736089242
2024-12-11,281.6012541262512,195.07009633767905,199.79477732122717,200.35009633767908,200.35009633767908
2024-12-12,241.52443406604698,170.79882102329472,189.87422404259263,197.9691089315508,197.9691089315508
2024-12-13,295.64066194426334,270.8842818916775,255.8124060357281,255.253348870663,270.5457337677909
2024-12-14,0.0,0.0,-32.24152246980509,-18.536598620208764,-18.914125310438976
2024-12-15,0.0,-35.78463633236211,-41.56087455279821,-35.78463633236211,-34.01031032072497
2024-12-16,25.206185135694735,24.29205564649632,13.437739047947485,12.689999999999998,13.2214333955426
2024-12-17,11.829150922649035,1.4355918941812753,2.534652604078712,1.9340091472693466,1.852355153986867
2024-12-18,39.25609236848315,0.9007528107230414,-0.021083217566332024,17.056853787542618,12.396234546238784
2024-12-19,24.129289426207304,7.323577994848801,14.20908398044671,7.323577994848801,7.323577994848801
2024-12-20,58.69894736680101,46.32740318262199,44.43901493897418,53.58654854116109,44.43901493897418
2024-12-21,46.58296836016616,0.0,44.217700625418956,45.27924033064869,45.27924033064869
2024-12-22,37.79343805261159,0.0,31.636158995699997,32.01137457191027,31.872453485308395
2024-12-23,128.28130005320372,120.78996199808462,126.17626159661309,126.2714771728234,126.17626159661309
2024-12-24,59.20933834698482,50.09164051497484,58.99861535045392,48.89861535045391,48.89861535045391
2024-12-25,58.18840080659045,50.378351885812904,48.63731059019143,48.167310590191434,48.63731059019143
2024-12-26,27.090087973276933,23.47804299981068,23.830802676456866,26.90437573716657,26.90437573716657
2024-12-27,61.75292956932371,50.53653818311649,37.64758889182632,61.75292956932371,61.43138188572836
2024-12-28,19.728327985292804,17.426334851421785,16.168327985292787,18.35305694466214,18.35305694466214
2024-12-29,39.379776358033624,19.479926411454088,12.177070396099662,24.52200000000002,26.247070396099655
2024-12-30,29.405236922270372,8.992271184688349,20.317395064052025,26.157398108278553,23.54850921554782
2024-12-31,11.855573242785663,4.968619199432336,3.1512325689356935,9.233191948804073,10.940067257187746
2025-01-01,57.68422718659292,33.83566156562465,45.57518926143452,24.850000000000016,43.30600000000002
2025-01-02,25.291743401282144,17.93766689808058,23.677287319642158,22.519248938985154,24.84026091018097
2025-01-03,32.4207722322939,26.80199650787854,24.969056720714686,29.269582705040417,32.4207722322939
2025-01-04,28.333466891226987,12.229199843426567,15.858599918065817,26.919655386133666,17.30107492421534
2025-01-05,4.581000000000003,-7.175126623400377,-43.146050761523654,-4.765947181077582,-4.765947181077582
2025-01-06,36.70925929702976,31.942158771752542,26.415982069613218,29.857703809849863,25.10151101077498
2025-01-07,13.809040623779108,6.5176322484939355,10.330524234617624,13.561134377818515,13.562695288903964
2025-01-08,41.54355598424125,30.36073923367088,37.385357894170326,40.9550925050401,40.9550925050401
2025-01-09,67.84292781961555,17.955544548330845,66.98808681166808,47.93118837293953,66.98808681166808
2025-01-10,54.50203619034886,20.373225577397914,54.168001218070174,27.90818724225988,41.85800121807017
2025-01-11,2.422723983358747,-2.806933327264108,-0.35106940947767384,-2.8763482043206103,-2.035017129282341
2025-01-12,55.16110120441448,35.72000000000004,54.73341156701099,40.11339721978358,40.11339721978358
2025-01-13,91.8143250360605,68.86358369916313,79.87004125739743,64.24317630705833,87.94624934865597
2025-01-14,86.07748661673799,85.468614697775,66.4082262601826,80.018614697775,75.68892280173341
2025-01-15,148.82089446017937,130.21918729132335,132.657198647241,126.0915874716933,132.657198647241
2025-01-16,130.94192533358833,130.87546969984328,122.94823182429256,106.15550196183848,124.30798221711252
2025-01-17,110.78853058827215,110.78853058827215,83.63101374756823,83.63101374756823,83.63101374756823
2025-01-18,30.268617274943136,29.984185583589703,16.938699369124787,29.493504896069368,17.00682854708805
2025-01-19,42.1627008530139,31.06543456444636,41.93841308912427,30.591508456314937,42.1627008530139
2025-01-20,262.56577174992526,262.56577174992526,236.24475387589683,237.09660140570543,249.15605946464848
2025-01-21,228.18819900836303,228.18819900836303,192.398199008363,205.9427606295149,228.18819900836303
2025-01-22,99.22524197390578,87.55201559175597,87.55201559175597,87.55201559175597,87.55201559175597
2025-01-23,41.17952818557629,35.12428367200609,39.42245380029385,41.17952818557629,40.00824764081935
2025-01-24,20.965360133644932,14.475700758328454,13.390905999202118,14.246522283669947,14.246522283669947
2025-01-25,0.0,-22.56501488980773,-13.35309631214692,-14.24403161306667,-13.776750977271764
2025-01-26,32.208567864399114,29.517326372141593,29.517326372141593,29.06466215737144,29.517326372141593
2025-01-27,24.582013409566013,17.417959660483007,21.838855404341295,19.323839709781662,19.323839709781662
2025-01-28,19.273552169839487,11.756586648704225,16.52072219177907,17.08135990969748,14.560280996299351
2025-01-29,22.110175001597636,17.25052885377124,19.614187018312418,21.194565890743487,19.55809590977101
2025-01-30,48.34582165419195,46.249367671410496,47.76736636959727,35.69206743926368,47.08837004744207
2025-01-31,55.372804608240955,53.584556059968975,54.582804608240934,54.61327943231453,54.582804608240934
2025-02-01,16.520748331773813,0.0,13.34970273198412,11.346474915111553,13.34970273198412
2025-02-02,82.34395970214872,77.82464221145743,82.34395970214872,77.82464221145743,82.34395970214872
2025-02-03,163.83548844998342,24.172516613108964,93.41607623404391,128.59607791167176,98.8145331320986
2025-02-04,66.32205479632837,50.5670899470355,58.110821282436405,66.32205479632837,58.110821282436405
2025-02-05,59.66185192377969,23.465553969331623,44.67385529819893,23.465553969331623,45.289037902450445
2025-02-06,77.9052144031445,22.6339353622636,77.49662297196254,63.058891393862325,63.058891393862325
2025-02-07,0.0,-16.673941575096194,-16.358020359232217,-19.31537640536152,-16.358020359232217
2025-02-08,0.0,-18.700244813245423,-25.113520605939176,0.0,-25.113520605939176
2025-02-09,0.0,-9.762701657765707,-9.762701657765707,-9.762701657765707,-9.762701657765707
2025-02-10,0.3947058823529517,-12.372668959332522,-0.9500408022075426,-3.9121610112271306,-0.9500408022075426
2025-02-11,0.0,-8.057647058823534,-16.818574723027343,-8.057647058823534,-19.130885085623863
2025-02-12,29.093700716456947,0.0,19.54701094249648,26.279000000000025,20.6352219450721
2025-02-13,55.74885085726797,38.91542770581809,48.31703739747665,54.47686652526626,48.31703739747665
2025-02-14,56.687051569922986,50.78030637695824,41.38030637695829,44.68728418062727,50.78030637695824
2025-02-15,53.28296655712951,0.0,46.22455632953836,15.962931983579391,43.667628452843985
2025-02-16,69.41090562693203,0.0,68.23762490009919,57.41842981603064,60.82782173752331
2025-02-17,84.29484401759728,34.74411764705883,69.92176716159791,81.29195651042292,70.71691355613123
2025-02-18,59.71003916999581,34.50264790159369,59.71003916999581,59.634748164699346,59.634748164699346
2025-02-19,9.255514908919803,6.535495551516817,6.535495551516817,6.706277587920965,6.535495551516817
2025-02-20,5.407058823529411,-2.7470890474952405,-1.5990203935001261,2.172899789708236,2.172899789708236
2025-02-21,0.0,-15.651176470588211,-28.49611532404693,-27.667271537691978,-28.49611532404693
2025-02-22,49.054744881523916,31.46989222101352,31.46989222101352,34.06069251779137,34.06069251779137
2025-02-23,54.53879801543168,52.0402615401518,54.53879801543168,54.42485150619645,54.53879801543168
2025-02-24,34.99428615438586,33.08056267194175,34.09713509882738,34.09713509882738,34.09713509882738
2025-02-25,71.46988176422435,71.40680259271379,63.518301643852794,71.46988176422435,68.71678041523765
2025-02-26,63.12733164793033,51.322216111289904,50.91314207515788,51.71152569965204,51.71152569965204
2025-02-27,49.128430989096444,43.702096817017775,43.56611133486419,47.28774954619652,47.28774954619652
2025-02-28,35.65705882352944,33.510123503651954,32.47836127619317,31.980778388870988,32.955540976834186
2025-03-01,35.39721607327168,35.39721607327168,35.39721607327168,34.30825104544738,35.39721607327168
2025-03-02,188.03648761825855,187.46113990735182,187.46113990735182,187.80454034614291,187.46113990735182
2025-03-03,77.32531176680175,60.78854042988604,77.09429692616044,69.92180479812637,76.52595634334841
2025-03-04,93.4464583777818,92.54581268149778,91.42379306598244,85.01778479908975,92.54581268149778
2025-03-05,64.56645171268636,62.60601051720664,61.11469770254209,64.02481556604764,62.06437437056792
2025-03-06,124.21591485388532,123.00492717423157,122.71808293998168,123.17754557661851,122.71808293998168
2025-03-07,286.4247627538026,286.4247627538026,284.853935292081,266.49956467467405,286.4247627538026
2025-03-08,231.50222148083773,224.34162694480588,230.17388614715023,230.13881155687798,231.50222148083773
2025-03-09,262.75576024840603,256.50576024840603,245.2110238004376,257.5368251295622,256.5362811238117
2025-03-10,81.35600541619895,71.29241202646577,71.14183001587284,74.22476686546719,71.29241202646577
2025-03-11,108.59397478600386,104.76549650042928,92.13522095074352,107.19734091290175,106.97788929490082
2025-03-12,100.83248100669742,80.69511944978674,100.33691269805088,99.24870169547526,99.24870169547526
2025-03-13,75.92258083002642,73.98827078991604,74.38747068667112,75.66015873383728,74.41317981043088
2025-03-14,57.10418118463315,52.96403871460012,44.10083123070726,48.870203381067,43.334423887768935
2025-03-15,53.1159111382281,49.02888966290597,53.1159111382281,49.02888966290597,49.02888966290597
2025-03-16,187.32726429492502,177.61640199008394,186.0118407184941,186.0118407184941,186.0118407184941
2025-03-17,66.82086602049831,63.22519242315738,65.5961618384813,62.46747358278081,66.35090825742861
2025-03-18,177.06621280124435,155.49657930030946,167.5036260535898,168.3244816479194,168.3244816479194
2025-03-19,355.1592234160634,344.37810478957454,355.0857687767498,343.0747440332537,353.78240802042893
2025-03-20,157.91573527459394,156.58987735735536,156.7568948434947,156.80831309101427,156.80831309101427
2025-03-21,40.520700697602194,32.438499829123714,39.73200563264572,38.2787974121251,38.27567558995426
2025-03-22,66.83746088651701,58.31851030070847,58.638497073218346,58.638497073218346,58.638497073218346
2025-03-23,250.37006809841404,245.24006809841404,246.0002456544717,250.26171316837463,250.26171316837463
2025-03-24,119.41865652097536,117.0441391372795,103.1502728964812,116.60865652097534,103.1502728964812
2025-03-25,55.27581951741806,51.53817245859453,46.92146943047973,53.32827290793816,53.37915157928413
2025-03-26,68.11690380139325,68.11690380139325,62.13345438849609,67.31208951799536,67.17803480124797
2025-03-27,115.1074739431823,107.95005249227415,107.95717243912225,110.0612805822606,110.0612805822606
2025-03-28,156.81877354119618,152.31640435496735,152.08685860711233,152.08685860711233,152.08685860711233
2025-03-29,21.53648240371067,14.10417060639146,14.095863652173318,14.10417060639146,14.095863652173318
2025-03-30,294.23978069867627,246.48508302279845,287.61128743985967,251.91129475367774,291.36668200685034
2025-03-31,61.9198456384551,51.853307014944406,61.9198456384551,59.23286098011397,61.9198456384551
2025-04-01,91.72000000000003,64.16343762012981,65.37870588235295,64.16343762012981,64.16343762012981
2025-04-02,51.54815543941069,39.74294117647062,48.77845510981366,50.43458177143815,50.43458177143815
2025-04-03,253.54126658356608,221.74126658356607,242.2844852154598,242.64992204604502,242.64992204604502
2025-04-04,291.88524820944633,283.11869844584726,290.72212575730464,290.55613553454486,291.88524820944633
2025-04-05,334.51004377625156,-33.8797752382963,326.7698054039483,327.4097767094935,327.4097767094935
2025-04-06,421.0407547746137,420.3141965735029,420.3141965735029,416.06474097027535,415.44285563018644
2025-04-07,323.1449433995029,318.8199342367175,322.8474521102828,319.6228897002038,319.9332355513038
2025-04-08,198.43738480079577,195.82900117630157,195.69311009357136,195.69311009357136,195.69311009357136
2025-04-09,166.12808205231005,165.09980892021866,148.1533624714524,166.12808205231005,148.1533624714524
2025-04-10,235.73768227318394,223.30724107770422,233.20701146185417,223.11809538147168,233.66243022559854
2025-04-11,233.53334202390334,231.53368278879128,229.98695203784223,231.53368278879128,229.98695203784223
2025-04-12,249.97662335799902,231.670297186994,249.97662335799902,248.93237384185693,248.93237384185693
2025-04-13,219.95727447818857,217.65351408397515,216.79703298957847,218.28397779462452,216.79703298957847
2025-04-14,141.12039132183352,141.0708094402968,140.15022249556483,139.7062058784482,138.73603705217957
2025-04-15,51.311493645985266,24.746460306227192,24.746460306227192,26.715643881893357,24.746460306227192
2025-04-16,82.44913640459677,71.23713754267425,67.04176470588237,74.99777425542467,74.01682352941177
2025-04-17,48.299173100125216,10.803755175709373,47.26235294117649,38.9693046581793,38.9693046581793
2025-04-18,129.7667823318144,20.013760257965245,126.66240563782293,113.22371039808542,125.70075563372325
2025-04-19,238.1749460941673,237.44287879510802,238.1749460941673,237.44287879510802,238.1749460941673
2025-04-20,306.5613905572034,285.11790880231837,304.07437832810103,300.57215642854794,304.07437832810103
2025-04-21,230.40296263899776,222.4562631290512,222.30935385042397,222.30935385042397,222.30935385042397
2025-04-22,153.68696935428886,139.11668351072638,153.68696935428886,147.87204619883136,153.68696935428886
2025-04-23,105.62764705882356,104.31740350551986,101.6924059725894,104.31740350551986,101.6924059725894
2025-04-24,44.402529411764704,44.402529411764704,36.36961638696275,36.884377684363805,36.641977374628894
2025-04-25,102.9571131603001,96.12641176470589,102.9571131603001,102.9571131603001,102.9571131603001
2025-04-26,209.98788192672504,209.96925842312453,206.0788384335005,199.5772586962384,206.0788384335005
2025-04-27,372.75622127523036,372.75622127523036,371.9357329540973,366.74704100940386,372.75622127523036
2025-04-28,267.44058759242546,250.86026972977288,266.45860790624164,264.27842110396426,266.45860790624164
2025-04-29,264.7139882968297,263.2988175347179,264.017821952735,264.7139882968297,264.7139882968297
2025-04-30,250.5008357421748,250.35392646354757,246.4634439760938,250.35392646354757,250.35392646354757
2025-05-01,431.59751431084965,426.3471603293111,426.60057883494306,426.60057883494306,426.60057883494306
2025-05-02,251.053730840649,249.72136369640577,250.82676419977645,249.85396855631723,250.3263544694525
2025-05-03,149.84156833053123,149.01028285163522,148.79930562877055,149.01028285163522,148.79930562877055
2025-05-04,208.01391995052512,202.4332139771342,203.18750130458585,203.18750130458585,203.18750130458585
2025-05-05,122.71498784631655,122.46577921977251,105.73258503149385,122.20447810308698,120.05201562237639
2025-05-06,96.82563162206756,87.96686791061668,87.96686791061668,87.85668595164626,87.96686791061668
2025-05-07,114.42742115467452,103.12712327939578,103.97321499520001,113.22535864954993,106.84742115467452
2025-05-08,112.21369235102561,112.13833841541768,105.41241674040774,105.41241674040774,105.41241674040774
2025-05-09,84.40969655269893,70.5647084328568,83.5699458448936,83.5699458448936,83.5699458448936
2025-05-10,317.39448385970053,310.65027578364925,311.9573071272495,316.90261323119677,311.9573071272495
2025-05-11,746.4809089257717,642.3439242930656,746.4809089257717,730.1770178286575,746.4809089257717
2025-05-12,200.06358123553517,184.5932519138525,184.14334224805663,184.5932519138525,184.5932519138525
2025-05-13,253.75423567640382,241.21470227525046,244.001579849773,250.92426531581486,245.00423567640377
2025-05-14,212.57771363168274,202.6948702780154,211.26110721184563,207.58954184847516,211.26110721184563
2025-05-15,213.02694163833777,204.26870675795004,205.35092053893317,212.99843465830838,205.45375703397224
2025-05-16,211.66806952584193,208.7433178538139,196.6824100594875,209.5182642985725,209.5182642985725
2025-05-17,269.8230255920173,266.1048831865638,265.3816304442222,266.1048831865638,266.4727072929267
2025-05-18,238.6309444354971,237.46239713907045,237.36562065177475,232.09829478419528,237.80065930189818
2025-05-19,277.00802930423293,263.3950355929991,273.9952745617258,273.9022753357543,270.8895205932472
2025-05-20,262.3548665090297,261.5150963450768,256.1478357954003,261.46735082952296,261.5150963450768
2025-05-21,55.877222442133416,53.95206816402283,55.16021334413344,54.06735148718731,54.879249348758876
2025-05-22,16.48587974910887,2.281659732173434,3.206912732627515,3.206912732627515,3.206912732627515
2025-05-23,132.41586930315913,47.89804202027776,108.13113327683304,125.08917432153405,125.56846584305538
2025-05-24,205.4080612324909,192.79274190105355,204.36913902615171,205.4080612324909,204.48088004775485
2025-05-25,205.19453551763158,196.88692891936597,195.1941808646623,198.13591407872465,196.730209191009
2025-05-26,183.12275047188635,182.93990152744485,182.99420485308752,181.9978457782478,182.18069472268928
2025-05-27,91.44239018272683,85.65921556809204,85.67888656930721,89.17795066112461,85.67888656930721
2025-05-28,61.880348055998,55.58103027302937,58.90093629129211,59.22713709144064,55.88387746776269
2025-05-29,169.33720022216818,0.9587495310921241,167.51827913556633,169.19827913556634,167.80101778113786
2025-05-30,211.14086767438891,204.68435509212844,203.4503236686384,204.68435509212844,202.5958560598442
2025-05-31,206.3277446831085,199.32983843714794,199.32983843714794,205.67530823969193,200.18990044521118
2025-06-01,194.05861815074604,188.68596110958964,189.94861815074603,187.12943216478044,187.12943216478044
2025-06-02,134.94844941238256,127.15516224065138,134.50671157521032,118.11406919626674,134.50671157521032
2025-06-03,143.10383116165693,67.85046593429917,71.08820073140693,70.42284740306181,70.62301129519139
2025-06-04,150.7188814070586,71.52330451278362,96.39116479824425,146.53261106087544,144.311434586331
2025-06-05,109.9141924076413,89.59673253024845,98.76042282449288,98.76042282449288,98.76042282449288
2025-06-06,213.92453187009846,111.85776396447498,190.94686981136863,190.7973446354422,193.9124524672426
2025-06-07,147.77256595449964,143.96436293028964,145.35681260119628,139.3573621710567,139.48379596897527
2025-06-08,233.6752457231104,211.23436590536284,222.82837126093847,233.38996626767616,223.50736758309367
2025-06-09,196.88073420371427,196.08901501793764,195.50622285118675,192.2412093615251,195.50622285118675
2025-06-10,150.50290271145298,148.49852043064357,140.5511403625416,147.4219125267114,146.0420371007284
2025-06-11,153.57471313097392,150.8087484903183,150.82435760117244,151.5065675637976,151.61032224182807
2025-06-12,199.74307853655426,186.1990752456723,191.0539538941044,179.74307853655426,180.87118116474915
2025-06-13,205.12433882436804,203.76019435401514,202.22121573829932,187.19426281468327,202.22121573829932
2025-06-14,232.1852970768954,194.77793035773612,228.8118205977991,228.8118205977991,228.8118205977991
2025-06-15,190.75060734480655,175.92370754739176,187.81060734480653,187.81060734480653,187.81060734480653
2025-06-16,138.5357558238145,129.51885465980104,133.49160145851923,123.89403682761456,120.44665082708879
2025-06-17,230.32338549806732,211.86196138624808,222.56354377275852,220.57154577287255,220.57154577287255
2025-06-18,214.789793960743,212.89143042236716,205.5775964514765,213.58629183141838,213.58629183141838
2025-06-19,237.9288903639279,225.34202222915792,235.7364131183038,236.29342518053758,236.29342518053758
2025-06-20,225.91316431972888,218.5594361193866,221.10180530561541,221.10180530561541,221.10180530561541
2025-06-21,296.9108199296042,287.858075685346,295.59185006242916,296.9108199296042,295.59185006242916
2025-06-22,427.60214413018934,397.3310559251554,425.08558818730506,425.08558818730506,425.08558818730506
2025-06-23,170.22785873221233,103.36214036618907,166.21502223717326,167.80220611657379,165.20823458708108
2025-06-24,234.43304854758117,216.81047624589849,228.1503099020096,218.39577948040028,221.2175181223244
2025-06-25,266.9930427820259,243.7340244759274,263.5424753576093,264.17299161781756,265.11137463504895
2025-06-26,75.31362496842911,63.0336828125285,52.28965825557913,61.450470800314136,56.53412403071623
2025-06-27,87.9360589294659,85.62350725304034,86.67758185841696,84.2628386011925,84.98976407549982
2025-06-28,192.68568791687488,185.97117094690896,185.18950596561103,187.22793308697723,185.18950596561103
2025-06-29,231.40422197789906,228.1047810823004,230.2986630823408,228.61088354717117,228.61088354717117
2025-06-30,225.94196451046724,182.8453650894628,216.27326165672184,215.49280611401474,216.27326165672184
2025-07-01,218.2106604255917,216.21628976672486,210.5460119548564,215.47173517898224,215.47173517898224
2025-07-02,170.2745668692472,169.8563845611264,151.2903889490377,143.8606456044227,151.2903889490377
2025-07-03,126.3494139350272,125.31679120576396,125.8230820705473,125.42880953071722,126.15004703379196
2025-07-04,146.14004270691572,130.63905076455356,144.90848386052392,145.59950837986668,144.90848386052392
2025-07-05,195.67566177688013,160.81566177688012,191.32953098586847,191.32953098586847,191.32953098586847
2025-07-06,87.12006085374928,77.9383132885033,77.9383132885033,75.54514461024853,77.9383132885033
2025-07-07,5.964117647058856,1.3741709974133798,-11.469205073799202,0.31432433796550185,-4.193910956152138
2025-07-08,18.46351717860319,8.04823529411766,12.303551729445296,3.044735400311474,16.140812161625476
2025-07-09,89.79626286842345,86.14802733535689,85.08343354304189,84.20216722405976,85.08343354304189
2025-07-10,123.58028470404415,115.41932308834859,123.39370992018756,123.14479051121359,123.39370992018756
2025-07-11,37.375154513103325,35.12513751267134,37.11153459630965,37.11153459630965,37.11153459630965
2025-07-12,205.32715812544222,204.23007656654607,204.23007656654607,205.32715812544222,204.23007656654607
2025-07-13,210.21579772597835,202.44228698831728,204.90945239110317,202.44228698831728,204.90945239110317
2025-07-14,72.0845495696546,40.40470588235296,61.71628171730815,63.69140829133626,63.849519402458824
2025-07-15,54.3946599178968,46.2540468519219,54.27783975894809,51.636039913712594,52.88238524858775
2025-07-16,31.337029373695003,29.467762143715742,31.333356641729324,30.522947860317842,31.337029373695003
2025-07-17,101.01599431757039,95.50342661233334,101.01599431757039,99.94337294699335,101.01599431757039
2025-07-18,79.59932032556006,75.67932032556006,74.95469673092155,74.95469673092155,74.95469673092155
2025-07-19,176.09804470307355,163.3504820687384,162.9695467678186,160.10143283662285,163.3504820687384
2025-07-20,205.91394784022802,201.14932218089592,204.95864810514257,204.95864810514257,204.95864810514257
2025-07-21,10.09760034690018,-2.9323996530998144,7.562434522883578,-0.7809933425082249,6.687600346900176
2025-07-22,16.542644758622618,13.142247527073351,16.282644758622634,15.769655921316211,15.769655921316211
2025-07-23,30.95623167679329,27.72004461660934,30.10607904224853,28.649410857253272,29.839805974736706
2025-07-24,28.03709972052533,26.538754203574268,22.11941757172094,22.11941757172094,22.11941757172094
2025-07-25,38.03127319636219,37.71872040019932,38.02346864093512,38.03127319636219,38.02346864093512
2025-07-26,65.26461656122919,53.2316373720038,65.15334749425416,65.15334749425416,65.15334749425416
2025-07-27,139.57701853672333,115.71163240328809,139.46931567182975,108.76845165185719,136.6368500787686
2025-07-28,19.738235294117658,12.95633706818839,18.348823529411778,6.305000000000007,17.64335294117649
2025-07-29,118.0737254858968,75.57058823529415,113.17306677836363,118.06528639698223,117.80681788489747
2025-07-30,138.46128463956745,134.57506241732239,117.92388877076358,137.5878171598295,137.5878171598295
2025-07-31,116.806636339657,116.806636339657,116.24158652673707,116.24158652673707,116.24158652673707
2025-08-01,52.43965888555,52.121366278559265,47.67146716434088,52.43965888555,52.43965888555
2025-08-02,188.76619318511143,181.65970392277245,188.67097760890115,188.76619318511143,188.67097760890115
2025-08-03,170.357193147299,154.94992962943243,154.94992962943243,154.21630141928776,154.21630141928776
2025-08-04,135.07604732627522,89.76529411764706,115.09445996020966,134.77855603705513,119.35919406995896
2025-08-05,167.08362621650218,154.60445141208487,166.25358879225837,165.34860541302243,165.6627158143873
2025-08-06,68.93518901457315,65.84408967736319,65.86061697120874,65.93958070847088,65.86061697120874
2025-08-07,195.94299724712454,182.57631250604774,194.3515342121709,192.3331856509933,193.49918623179772
2025-08-08,169.01663200091213,161.0966320009121,160.12490021761627,160.12490021761627,160.12490021761627
2025-08-09,214.44925474892716,214.39507728390748,214.39507728390748,203.7903304778944,214.39507728390748
2025-08-10,237.13476741837232,194.39575499928156,236.83848440654583,235.12848440654582,236.83848440654583
2025-08-11,201.8228980843869,188.97687279831047,199.55852044939536,199.17839269094745,199.81744805297583
2025-08-12,232.3908424299782,216.88105400565166,232.3908424299782,226.6323301702039,229.02364595305846
2025-08-13,150.56011083697948,149.24920568794525,150.56011083697948,149.25205205521866,150.56011083697948
2025-08-14,126.21774695715978,122.51100862282328,119.8038284176202,122.8257617522821,122.8257617522821
2025-08-15,186.88851932965804,186.63534666222048,184.8941583228284,186.17015722600496,186.17015722600496
2025-08-16,173.55964383919843,169.763365761511,160.66351644197536,166.6901554762968,169.54015547629677
2025-08-17,196.7305596839707,195.73075988060677,195.79678866609953,195.79678866609953,195.79678866609953
2025-08-18,189.77233866500018,189.5913729919977,189.65839215576491,185.50202704975686,189.65839215576491
2025-08-19,100.39958517555155,98.73241666041503,98.46393995372378,98.5120527424742,98.46393995372378
2025-08-20,26.188051338577743,24.229223603742298,18.149796079794285,18.069087794848468,18.149796079794285
2025-08-21,0.22350000000001558,-7.431440204798619,-7.95556847947141,-3.7284250566726094,-5.230480612336805
2025-08-22,39.21960599829771,17.911500000000018,37.81898785402316,38.32245494273919,37.81898785402316
2025-08-23,201.521181619939,199.4104382223043,200.26605450677212,200.26605450677212,200.26605450677212
2025-08-24,210.91248001133965,206.50013140099563,210.23864779015716,207.52864779015715,210.23864779015716
2025-08-25,200.991509138585,199.56924852422594,199.8455297863443,200.5304942979437,200.5304942979437
2025-08-26,180.42033965203382,155.9089033870457,172.44472207304761,172.44472207304761,172.44472207304761
2025-08-27,103.25802234393312,97.44205731621177,96.23214577925518,98.06798266146288,96.23214577925518
2025-08-28,50.19860786185477,19.354539485135547,32.302529206671984,22.11479276255679,24.17491740865414
2025-08-29,100.10903465677859,22.72161382104576,98.56531591889691,92.46392561836501,98.573120474324
2025-08-30,173.61978570196865,161.23574705549262,171.17333454717283,151.01235665976068,171.17333454717283
2025-08-31,206.48146485571294,205.01609674370243,206.1752459166433,203.432368277747,206.09059362755
2025-09-01,40.54702232153387,24.86096107655682,31.39102103867829,26.891087157376887,26.891087157376887
2025-09-02,41.408794349146746,26.349632214328956,38.64232961729874,39.17365813787697,38.830257699085834
2025-09-03,9.218006209493893,2.3621950308429973,8.445292462727224,9.186512532888198,8.148520594585193
2025-09-04,87.33880657043963,84.54255407485641,87.27880657043964,87.27880657043964,87.27880657043964
2025-09-05,66.74215857426348,62.497706994280776,66.3693762797469,66.74215857426348,66.3693762797469
2025-09-06,210.62480041699536,209.33300648543187,209.33300648543187,209.33300648543187,209.33300648543187
2025-09-07,288.46970646140767,288.1852533706657,284.5978870010685,284.7602217539516,284.7602217539516
2025-09-08,77.81134181223621,75.82658415841209,34.24546017321478,34.17384189988401,34.24546017321478
2025-09-09,45.10532429224065,42.17042927730361,37.397058823529434,42.286726636357486,44.74069653759457
2025-09-10,23.190388209482904,13.65750651327977,14.650030227922073,3.5659421709020904,3.347058823529448
2025-09-11,44.43271486254781,16.09336620293446,35.128235294117644,39.62026409461188,44.041568908202834
2025-09-12,27.570168241713887,24.345779880363835,23.985393056231445,24.12021908698061,25.117053593156754
2025-09-13,60.58916572506624,56.93389961857464,56.42348169364419,56.493631045013515,56.93389961857464
2025-09-14,218.06371002581528,215.2202657712105,216.2893980464201,205.93062613640654,216.2893980464201
2025-09-15,0.0,-9.449836912622274,-20.891329078468758,-20.400345801727738,-20.400345801727738
2025-09-16,8.086040578260121,0.0,8.072726924884535,6.855427007723151,6.855427007723151
2025-09-17,55.98932536635607,47.21227736397351,55.34596796924714,53.672933315601355,55.34596796924714
2025-09-18,217.49369760410633,217.33324395922418,217.49369760410633,216.94278780925424,217.49369760410633
2025-09-19,173.9656053033356,166.0839521868853,166.0839521868853,166.3704252802084,166.3704252802084
2025-09-20,199.76859662990498,181.94380223220938,195.57436943935585,196.5621123017051,195.57436943935585
2025-09-21,207.8898223402124,196.14854984297432,207.8898223402124,206.36234724667236,207.8898223402124
2025-09-22,89.14781627215794,0.0,83.84780496520085,85.59562198878216,86.58725961951592
2025-09-23,66.28585528674198,52.70673660733637,55.4187699361521,38.83452380588618,55.097405889155056
2025-09-24,39.60433208822157,17.63352970404211,18.0618176918792,18.612727486731288,18.0618176918792
2025-09-25,30.77618943986297,17.50251503026942,-1.1510173644809214,-1.279562983279746,-1.1510173644809214
2025-09-26,29.136934177432096,14.741813387710987,16.050588235294143,14.741813387710987,17.305882352941197
2025-09-27,69.59156885487438,69.59156885487438,69.3545424454132,69.59156885487438,69.59156885487438
2025-09-28,210.48002141711112,210.48002141711112,210.48002141711112,210.0496278824673,210.0496278824673
2025-09-29,88.45946883467386,59.06454797201947,80.0235097354201,86.61190277300264,80.0235097354201
2025-09-30,79.59411764705885,60.5598073265397,60.315387932515705,61.5641168008471,61.5641168008471
2025-10-01,47.29126470588237,47.23117647058825,33.23847870326074,40.202352941176486,35.01176470588234
2025-10-02,87.9456471650688,73.72529411764708,87.74915600490488,85.08517647058821,86.65835461109782
2025-10-03,21.3006470588235,20.896836426709115,19.13946910028696,16.127430863996437,21.02538204550791
2025-10-04,44.566390266469895,44.566390266469895,39.84050047430186,43.053224696609504,44.566390266469895
2025-10-05,164.4456394858638,163.84646417292822,163.47184551242879,153.65490595650724,163.84646417292822
2025-10-06,68.13339506030167,65.19827796748592,66.3134695671396,66.36986564853697,65.8754962802322
2025-10-07,51.76892813480681,32.09951593761912,40.3429411764706,37.71128064350148,37.71128064350148
2025-10-08,68.65294117647059,64.98385469093611,66.79520067109233,64.98385469093611,66.08080260833277
2025-10-09,72.04522036223256,53.50823529411768,69.89239381150814,50.953529411764734,67.1249411764706
2025-10-10,41.15741629657194,11.692114208471693,40.66270588235295,26.963352941176467,30.29000000000002
2025-10-11,124.51144035979864,124.51144035979864,124.51144035979864,121.38438480069284,124.51144035979864
2025-10-12,146.7254977978746,146.7254977978746,146.7254977978746,146.7254977978746,146.7254977978746
2025-10-13,67.46339785766683,46.117252286945956,56.693722875181265,57.63306601610077,56.693722875181265
2025-10-14,74.16411764705883,72.51764645156071,66.27272065476726,71.40956009508244,65.51678782091702
2025-10-15,61.10983258178982,53.164117647058845,36.769929706498175,57.53877426302836,57.02374310150404
2025-10-16,40.22288072458267,34.46088297155802,35.748235294117656,29.088235294117624,32.67176470588237
2025-10-17,45.06527977041967,39.72747458502174,33.732764705882374,40.81450000000001,33.732764705882374
2025-10-18,94.69187793440943,93.45937355050582,93.45937355050582,93.45937355050582,93.45937355050582
2025-10-19,113.2458518248293,113.18497629249815,113.18497629249815,113.2458518248293,113.18497629249815
2025-10-20,15.034498948541152,10.68631337599674,9.781507116380485,9.7875135308642,9.883280016869314
2025-10-21,18.370417435164036,9.631609201892129,9.824731024062935,9.666898893918383,9.824731024062935
2025-10-22,76.75784245361251,22.015515853876078,45.72315038726066,76.26158876621167,56.38551585387606
2025-10-23,20.2271344688565,10.597983231222049,10.910000000000004,9.90281307637299,9.90281307637299
2025-10-24,39.71905882352941,29.458300725560715,30.779762967631136,29.458300725560715,27.46778509927957
2025-10-25,69.55741818648451,69.46954807420559,65.5223970413551,67.14056215946728,66.50977044436165
2025-10-26,160.68032076168927,132.8759584149252,126.6114043169491,127.4807399732257,126.6114043169491
2025-10-27,74.30826998516415,72.92200781087945,73.02629700949181,73.15163467733936,73.02629700949181
2025-10-28,52.12407277963199,45.55495198616051,49.059339781707564,50.773679244988095,49.059339781707564
2025-10-29,37.37418295704933,28.238899030578253,35.33112299482494,35.808761786961696,35.808761786961696
2025-10-30,31.55070191212782,28.42070191212784,27.145090930112957,27.2488249601783,24.970270953240135
2025-10-31,21.895657716646237,5.424278863275816,-9.898181970427345,1.1395729809228783,-9.005240793956744
2025-11-01,15.518998701834231,-2.2588793127737574,0.9517311533250101,11.749069633219317,2.6329256147175606
2025-11-02,55.86939381140522,19.520710584632155,27.895647673587074,23.20221854034116,23.20221854034116
2025-11-03,61.26547677471244,59.70041485403971,56.30105098911859,57.045890247357846,57.83783751947344
2025-11-04,48.509087965673274,23.057237746185734,13.90393693323449,23.447465517539285,19.312311949392253
2025-11-05,71.25911123226638,68.3869278006579,57.69045962272202,59.290908185348314,58.55620230299536
2025-11-06,82.20181374415623,70.89045098772132,47.84062295696107,71.1853019666477,56.275301966647675
2025-11-07,55.044102517787564,48.84907826426377,49.69776722597162,46.2556289501112,51.04349380930938
2025-11-08,29.960760439526535,24.64076043952654,28.22540779448074,29.041165766937763,29.337738873166455
2025-11-09,19.072003051521403,15.754420213571493,11.880170382443946,17.7963430954005,12.421945032640945
2025-11-10,70.7466875799019,70.52320553669561,52.594474068488125,52.15826580244848,52.15826580244848
2025-11-11,26.129119506865592,25.76305597304163,24.50005480778529,23.534555847684313,24.74095648011121
2025-11-12,21.33851308327806,21.020866024454506,17.85813277612425,18.81889596759993,20.420485717300707
2025-11-13,26.543019717907384,24.54888305509523,22.406281459607385,25.924177172742304,24.202603034166827
2025-11-14,23.46705882352944,19.857392418759872,17.136687466361735,19.563901452231732,18.845882352941175
2025-11-15,11.726604180362525,4.912613684488814,0.3074468888516826,3.7418355385228885,3.7418355385228885
2025-11-16,17.8420377998526,16.634856300131116,16.282742634754367,5.624856300131125,7.5521337514951234
2025-11-17,34.266153571794476,30.76193940729017,31.632402955027086,32.89096413557894,33.95621015595218
2025-11-18,25.436405733434622,23.430954897271672,25.436405733434622,24.989530425050912,25.436405733434622
2025-11-19,23.823496435849734,23.4983107686199,23.4983107686199,23.64611819349243,23.75582634938208
2025-11-20,45.70814451556312,44.46954000105168,44.334489850438274,43.79786480191353,44.334489850438274
2025-11-21,190.5127228211324,158.50990877313882,187.32671965920366,189.28329359684852,187.32671965920366
2025-11-22,0.0,-5.476662199242956,-8.462046897955467,-8.91112258505117,-9.888252924520451
2025-11-23,0.0,-6.0055875900130395,-10.778460119989223,-7.650191903285066,-10.268853339647638
2025-11-24,75.82001032346797,71.5761540269843,71.83994800041934,75.12119491658241,71.83994800041934
2025-11-25,246.7548754777676,246.7548754777676,244.1880361776568,244.58676998012726,244.1880361776568
2025-11-26,335.6802948862786,335.6068402469649,209.23572637398013,330.99278707848055,330.8598758109904
2025-11-27,12.294275166370408,6.898718255513046,10.884275166370411,10.143977583369075,9.721687621876349
2025-11-28,20.63032897212058,15.456193744031207,16.706193744031204,17.1361937440312,20.178477651647537
2025-11-29,0.0,0.0,-4.796999999999997,-2.126999999999981,-2.407058823529397
2025-11-30,14.86948356896698,0.0,12.251311303905378,0.0,7.542352941176489
2025-12-01,35.07396530083528,30.623856436688097,28.961646014916905,24.327307720745917,31.620690942864233
2025-12-02,78.27837242712107,47.269734261307704,49.40702623468016,78.27837242712107,73.10212192415106
2025-12-03,87.85899866725761,81.34458562729972,82.53136704873454,81.34458562729972,84.0276523000356
2025-12-04,88.6952651950828,80.22351451748618,81.36023092120787,78.95255052211162,80.31634449554666
2025-12-05,147.59250506617377,106.8414688794724,63.32072439667698,106.8414688794724,106.42751204676924
2025-12-06,9.296297674039305,0.0,0.0,0.0,0.0
2025-12-07,0.6711764705882359,-8.88536699227318,-1.2418369732456576,-2.535064790118202,-1.455160741760725
2025-12-08,15.917760079022148,3.766784290880251,5.436784290880251,14.0573812065911,5.436784290880251
2025-12-09,18.00663350478818,11.292647313082686,17.861031567547744,17.09044070571326,17.14663350478818
2025-12-10,10.481186657808024,9.843935346438752,6.890254226333749,9.210997938953863,9.845628392220647
2025-12-11,13.55268381112202,11.162683811122033,11.726122182675265,12.193990495873745,11.820932746459757
2025-12-12,36.15606479376562,33.365798774664555,34.81214155507966,21.36404564530868,30.064798596236084
2025-12-13,2.186184190738498,-1.1038175589696841,-2.8482779447778945,-1.5607000409670668,-1.5607000409670668
2025-12-14,5.544168856683282,0.5958823529411887,4.035786351926401,1.441500000000019,4.117052549455945
2025-12-15,20.436489892309833,12.581539390244334,19.237124425797344,18.235728963016808,19.415728963016814
2025-12-16,43.57903901427527,30.60313249520082,41.80135081159453,33.81226252697964,41.80135081159453
2025-12-17,26.993093757686918,23.396321574559433,22.831448687726297,22.831448687726297,22.831448687726297
2025-12-18,3.006235036005233,1.236367170701694,1.7341176470588238,1.3967098600788255,1.3662350360052322
2025-12-19,1.209500000000034,-4.84227960344808,-2.6089257057554818,-1.9968695694927021,-1.942237681503201
2025-12-20,4.795494507815999,-3.402984263568829,-5.97835748449943,2.588000000000008,2.802847509718756
2025-12-21,2.303529411764714,-12.654966284015604,-10.631743401282097,0.0,-8.802999999999997
2025-12-22,18.14750616767388,16.307251941340137,17.32735363187363,17.17718531412326,18.14594525658843
2025-12-23,6.556937946417801,6.022358338417753,5.8802427485518045,6.124976327074801,5.8802427485518045
2025-12-24,0.0,-12.717979557024666,-8.931226025292819,-13.20960964978702,-8.931226025292819
2025-12-25,0.0,0.0,-14.644961664861956,0.0,0.0
2025-12-26,8.845294117647057,0.0,-9.309127967085164,-7.4180823672954865,-7.726216699595032
2025-12-27,0.7020000000000266,-2.080806035668804,-0.7129999999999654,-1.5629411764705878,-1.1729411764705873
2025-12-28,20.875152448409704,-4.622352941176459,19.432173923731835,0.0,18.944999999999993
2025-12-29,0.0,-4.41086261982645,-5.9294542445412795,-6.941757118538664,-4.520126395805452
2025-12-30,0.0,0.0,-7.572707081671272,-14.726643547847335,-9.277403042417593
2025-12-31,0.0,0.0,-4.4399999999999835,0.0,0.0
2026-01-01,0.0,0.0,-9.643551854854042,-9.66428807887505,-11.681230329461041
2026-01-02,2.1592784381918584,0.0,0.0,-3.276984487516291,0.0
2026-01-03,20.718915977681757,12.263000000000005,1.8660000000000139,-0.0998270630959901,1.8660000000000139
2026-01-04,11.041609201892111,6.576736315058962,10.275809937461087,10.523181590759446,10.905809937461083
2026-01-05,101.71045869256137,0.0,95.42948227444863,95.62587558514504,95.62587558514504
2026-01-06,46.71188548029326,30.326761335316416,45.58894768178642,41.019086990096596,41.019086990096596
2026-01-07,11.703050890785743,8.21677020926603,9.551808278790897,3.811764705882368,8.580000000000013
2026-01-08,161.75010137847505,66.3794652325568,131.0988381185151,0.0,64.14489454787865
2026-01-09,2.308726628856771,-9.831017790079471,-8.49937183537428,-5.60817544949251,-5.08997991388161
2026-01-10,0.0,-10.325407794480757,-11.716530379531921,0.0,-11.716530379531921
2026-01-11,0.6215000000000117,-15.409326414013055,-16.242345740898504,-1.7129259297029655,-8.29171264213372
2026-01-12,31.700746092299152,23.770757255095685,25.986532129240143,30.125391207778744,31.700746092299152
2026-01-13,13.916213515164156,13.16858763553206,12.606322379311322,10.063002914964454,13.50086580425743
2026-01-14,49.80759302121348,32.09970017752403,30.19970017752406,42.45714657660926,47.66111730135003
2026-01-15,20.582508319757974,19.407856345650128,1.4715017724676578,16.13785634565009,16.13785634565009
2026-01-16,35.77537192641226,35.751669285466136,35.751669285466136,34.09027844183926,34.09027844183926
2026-01-17,7.064756849072275,0.0,1.7308192631588888,3.990588235294126,6.952000000000027
2026-01-18,1.5611764705882507,0.13700000000001467,-8.440115233009,-3.2457788633272457,-4.858849035479427
2026-01-19,123.25612788303337,93.5830097390161,92.83538385938401,122.37099947930436,121.65141946892841
2026-01-20,223.4700870697805,172.62850050846683,178.49936255560718,222.93116569090128,178.49936255560718
2026-01-21,39.8517335063398,37.64702261381126,30.97308897166465,35.630803359756186,36.08418801659721
2026-01-22,34.95892745546371,6.536003051315589,5.526003051315573,4.7144110660963605,5.526003051315573
2026-01-23,28.442354664220442,27.83551585387608,16.684117647058827,28.442354664220442,16.684117647058827
2026-01-24,0.0,-13.541815452404546,-19.31801462034132,-13.484061742244233,-20.243654175358405
2026-01-25,1.40000000000002,-2.812941176470588,-36.04912747731878,-20.235918486622854,-36.04912747731878
2026-01-26,79.64517075024325,77.13467330829928,63.00128624907127,70.63517075024326,79.158166491594
2026-01-27,57.122448061402906,17.25729991716141,40.20432928690019,49.556932837497726,43.444041431972614
2026-01-28,41.752631041366115,36.9323503600522,38.29326525986819,36.434311979395176,38.33480003095886
2026-01-29,44.96445940627525,43.917783174790316,37.96797619781276,39.039573291952095,37.96797619781276
2026-01-30,24.844343858280862,24.030262344903687,24.030262344903687,24.030262344903687,24.030262344903687
2026-01-31,0.0,0.0,-13.468239522249338,-6.566470588235287,-8.305769450238945
2026-02-01,26.721415059132436,2.635000000000005,26.721415059132436,11.536117563521582,26.484388649671256
2026-02-02,33.70565978133986,31.565659781339857,33.66565978133984,26.58770699428079,29.90426893771298
2026-02-03,19.03270421222585,11.63171981574747,15.2668756233691,12.691719815747472,15.2668756233691
2026-02-04,24.881537150769663,24.07731170992872,19.60693395723501,20.60274644915614,20.60274644915614
2026-02-05,16.04413729278299,15.110940235058834,8.934174910559673,13.822854998317876,8.544174910559676
2026-02-06,23.643317224872217,21.333317224872214,22.782530155584507,22.790969244499063,22.782530155584507
2026-02-07,14.353802312202049,0.0,10.686474915111557,14.248035826196979,14.256474915111522
2026-02-08,22.417051744704064,19.863705020625144,20.150912660341373,22.332399455610766,22.061512130512295
2026-02-09,68.08184547492517,52.37283011826487,55.33283011826485,55.15844640273268,55.33283011826485
2026-02-10,25.25668004588672,19.5859569733193,14.786412592062941,22.30299892578169,22.176412592062928
2026-02-11,18.421292967495134,13.693059814107581,11.375040714817043,13.693059814107581,12.587539166296846
2026-02-12,21.5903551121154,21.43798099174746,13.607786219016887,21.43798099174746,21.03290472384733
2026-02-13,44.52297336638553,13.411882079621432,43.96930902255917,43.49581263212552,43.96930902255917
2026-02-14,10.352676322522907,8.646692324464311,10.352676322522907,8.587961710380977,10.157976057608362
2026-02-15,66.58141058018317,62.7205707757161,61.41062414086623,64.0822220397575,66.41141058018316
2026-02-16,27.13830933389715,20.593438242188242,23.664077034427915,25.855567818880115,24.15264220416257
2026-02-17,16.852392187208736,14.229431288977477,13.929736360577945,14.178796755489966,14.229431288977477
2026-02-18,77.81707610437019,53.68482362044975,21.014574499079917,47.442832008177405,47.442832008177405
2026-02-19,5.376757835900076,1.719016814091077,4.541421602775269,0.5137170790056445,3.3784480122364577
2026-02-20,1.9736489262339134,-3.6385275519579814,1.720476258796321,0.48720190082526216,1.9736489262339134
2026-02-21,32.296748422811746,-9.432235127043175,29.673639828130984,-3.9041176470588113,29.673639828130984
2026-02-22,134.61690011928343,130.39953931379614,113.12552393786939,121.97812820926985,121.97812820926985
2026-02-23,6.148159037571542,3.4881705153534703,5.357771435351502,3.4881705153534703,5.4030378568285045
2026-02-24,54.13433663529493,37.23732605715614,22.839207506806698,53.52152754414851,46.493950953607836
2026-02-25,27.67056666508074,-1.5085251149942707,27.037634996486844,1.8577113557336844,16.46352941176471
2026-02-26,29.831802854885307,28.881391640466347,27.05854843491582,18.663263608904515,27.05854843491582
2026-02-27,16.191270816683225,16.191270816683225,14.143132347084077,16.191270816683225,15.853707260099764
2026-02-28,21.97294983022307,21.97294983022307,21.542556295579242,21.972949830223097,21.542556295579242
2026-03-01,27.759892080809106,20.767502668257517,27.62877554963431,26.248026413108658,27.759892080809106
2026-03-02,82.23594518055194,67.6037673436738,68.05075334194936,67.48854989630283,68.17378986279965
2026-03-03,91.35038209832182,65.81630730336852,75.165562121449,77.78513819597066,78.36542984654812
2026-03-04,195.04944096372276,185.214664965576,194.3956946738316,194.61807691672573,194.75929513843397
2026-03-05,97.37205272767861,85.16069106827297,96.71580334444602,94.25023055685011,96.71580334444602
2026-03-06,59.049957489544084,41.74639678344846,58.749987106247175,47.139637125760004,47.139637125760004
2026-03-07,259.760343040837,254.53565712314986,259.760343040837,259.760343040837,259.760343040837
2026-03-08,270.03078168185664,268.64352032742823,270.03078168185664,270.03078168185664,270.03078168185664
2026-03-09,230.934705882353,150.61152372286355,202.6223047718224,184.7453737471715,202.6223047718224
2026-03-10,110.68690221855368,68.85588235294122,110.3652235199992,109.64536805472585,110.3652235199992
2026-03-11,1.7295000000000158,-2.9350683655709986,-2.9350683655709986,-1.89173703242027,-2.9350683655709986
2026-03-12,0.0,-12.061999999999955,-29.83845599060203,-25.17452316404665,-25.17452316404665
2026-03-13,0.9465000000000288,0.0,-2.8590506668382325,-2.390777341213937,-2.390777341213937
2026-03-14,41.1937898094712,41.04082052310055,39.70340089398094,41.04082052310055,39.70340089398094
2026-03-15,23.8984500769301,22.820448194312387,23.817282700488544,22.820448194312387,22.820448194312387
2026-03-16,52.16882162763062,33.12058823529412,45.9316849192995,51.678511910212265,47.56344962518182
2026-03-17,73.41225194873792,71.25507282869549,73.34614277335572,70.812508626831,73.34614277335572
2026-03-18,51.35892122680626,49.96398742893916,50.40912254317966,50.40912254317966,50.40912254317966
2026-03-19,92.99506332477503,89.59915123763444,92.47224992946043,92.47224992946043,92.47224992946043
2026-03-20,179.683648842285,178.70128485976463,176.20171530222157,178.9859215871048,176.20171530222157
2026-03-21,278.43597972640856,271.9987950768329,272.4561420248593,272.4561420248593,272.4561420248593
2026-03-22,315.1434119184708,314.34110362056794,312.3142067913431,311.33881701828716,312.3142067913431
2026-03-23,124.96830776585321,124.36047062553314,123.04612056130287,123.87658818905471,123.11045630101373
2026-03-24,107.89007717483818,106.16689562949477,107.86620441706127,107.86620441706127,107.86620441706127
2026-03-25,120.68873170320025,118.14903754893217,77.76070840536919,120.31723486487165,120.31723486487165
2026-03-26,27.809376454527946,-5.348043314796076,-11.25956062630874,-4.831381745523959,-4.831381745523959
2026-03-27,52.699782681479405,17.156277587920965,37.195830748338636,50.143015584563955,50.53241611439307
2026-03-28,214.8869464510243,212.0335836300098,212.54087973276938,212.0335836300098,212.54087973276938
2026-03-29,205.5129749215316,204.0360438337421,203.9660438337421,190.57721379922032,197.9601159340309
2026-03-30,11.764620410207595,4.337590812359281,-0.14259953475047382,5.555009640683249,8.291381430538546
2026-03-31,31.85593377880656,16.467735373750156,12.369411764705902,9.273913020845765,12.369411764705902
2026-04-01,117.91302199884186,45.92437135403486,115.66521821754623,109.34245934169573,116.03381033202751
2026-04-02,52.91218248269601,52.18180186055679,52.72019041919006,52.18180186055679,52.18180186055679
2026-04-03,225.93139311957594,223.31966863530258,222.5502312884925,223.31966863530258,223.31966863530258
2026-04-04,240.9404601983352,231.7204745455626,239.4006976977625,213.7826264932635,239.4006976977625
2026-04-05,375.032436809672,305.5757074440735,362.701314490234,364.39266722631777,362.701314490234
2026-04-06,425.23743866156633,417.7046030206514,418.7211234104526,418.523339293633,419.15266941642005
2026-04-07,387.21659669761743,352.7156322164326,386.94665089813986,385.97978655901983,385.74289534723346
2026-04-08,297.6297864721439,295.73144313738277,295.9642025257078,297.19824046617646,297.19824046617646
2026-04-09,250.6308680347904,249.95692171908803,249.77842694555596,249.88592789076955,249.83450964325004
2026-04-10,101.39092758421111,94.64303368890845,93.62341696425227,93.63627152613216,93.63627152613216
2026-04-11,360.20273609696545,322.7955220498546,357.57846348109894,357.57846348109894,357.57846348109894
2026-04-12,236.93798057303206,220.71891443527286,236.64296837788874,236.64296837788874,236.64296837788874
2026-04-13,30.698235294117666,0.5518705258030252,18.114235294117634,19.60649539225183,23.386159561502964
2026-04-14,46.4789680641384,34.32000000000001,6.949633774460452,4.129396355025875,4.129396355025875
2026-04-15,143.50617571469405,5.845571729099419,129.87916350038722,84.00235294117647,135.92133997857908
2026-04-16,148.9421976415585,146.47326502780246,146.47326502780246,142.2254131611016,146.47326502780246
2026-04-17,185.60767665574554,185.13022150020706,181.74494294431304,180.2372864724012,181.74494294431304
2026-04-18,246.11624941970706,245.39116031138258,243.47194268943636,243.47194268943636,243.47194268943636
2026-04-19,220.86840024767065,216.9354395696365,220.8517863392344,215.72840024767066,220.86840024767065
2026-04-20,169.64322235047797,38.46764705882353,160.4956156465846,161.94580786485506,162.65602240871854
2026-04-21,123.85453269067517,123.54131922103005,123.54131922103005,117.74189284348358,123.54131922103005
2026-04-22,308.98409263265535,305.8304144353243,308.391992703287,308.9032925294104,308.391992703287
2026-04-23,292.6686141269866,291.4823217020718,291.46214847289036,291.4841580680546,291.4841580680546
2026-04-24,282.7346318030113,282.26965017348357,280.9109568582353,281.2516027480522,281.2516027480522
2026-04-25,409.0185729712607,398.0264159185959,400.00574299320033,397.85023474937594,400.00574299320033
2026-04-26,669.116105080411,630.8789985308488,654.6027298672789,654.6027298672789,654.6027298672789
2026-04-27,258.3698440239659,250.94055792239396,250.94055792239396,250.94055792239396,250.94055792239396
2026-04-28,155.97439641867913,123.69633120285943,154.62834015325723,154.2106268355307,154.62834015325723
2026-04-29,137.41626502790538,113.05865436837665,125.64030403082666,118.79965031471721,121.5312447141921
2026-04-30,336.5788518386986,312.1974737327954,336.06613845628965,310.59404683902403,334.426883220523
2026-05-01,1054.3661877077166,1039.9178434042622,1005.9208772067107,1036.4046920295561,1006.8660551651442
2026-05-02,1082.4021106061941,1074.232110606194,1079.9986837124227,1082.402110606194,1082.277237719361
2026-05-03,318.3915134269284,309.277068291844,306.89269723799896,316.2135760801698,306.68821788580965
2026-05-04,133.11615713933492,104.89316951655412,131.69552464783294,106.45408060196836,128.76370442420173
2026-05-05,18.400432902128724,4.7277979584557706,15.228031688897374,13.846832653767237,15.228031688897374
2026-05-06,43.71614773811518,8.66916110591259,31.858606651285356,28.654436625492504,28.654436625492504
2026-05-07,81.83762774288043,43.84503203440033,71.03400131306437,71.44534729322058,71.44534729322058
2026-05-08,168.40903817494677,155.0455121717663,131.36543131086214,155.09839951207206,131.36543131086214
2026-05-09,271.3967932506765,257.2005952251851,271.3967932506765,267.96647957073964,267.96647957073964
2026-05-10,84.3966722077255,84.25619021003821,83.35036991453256,78.81062046271272,82.75963369051156
2026-05-11,21.007058823529434,-10.389009815258426,9.847044480258226,8.150177556057667,10.328107611706216
2026-05-12,105.55432373758585,37.248705882352965,104.82631405138365,98.28120940401415,104.82631405138365
2026-05-13,125.53603431502604,121.68211856493919,121.68211856493919,119.28645878359934,121.68211856493919
2026-05-14,93.39786316970172,82.92142125321318,79.62429360840834,76.78825145522113,80.39538368460298
2026-05-15,22.89009084272241,13.18559189418124,19.962205802617472,13.18559189418124,19.962205802617472
2026-05-16,262.13093278293417,261.8374814988763,262.13093278293417,259.5087620436332,260.1013280672862
2026-05-17,286.3734431673857,286.3069875336406,286.29606115604275,286.29606115604275,286.29606115604275
2026-05-18,117.86325549721775,54.71882352941179,117.85481640830317,117.16543642373846,117.16543642373846
2026-05-19,127.07435561647158,116.21566037673408,109.05087388825073,124.9533421118085,119.3847249356099
2026-05-20,210.97244830723497,168.80413806295823,209.9389630795978,179.46694039714788,188.74149911427764
2026-05-21,293.3706430035173,290.0895202782618,292.34512442040017,286.92444653024506,286.92444653024506
2026-05-22,280.89670079845035,280.89670079845035,279.87430403750403,278.81996224391673,279.87430403750403
2026-05-23,388.73534615267295,385.2856100577082,385.2856100577082,360.26727001403486,367.3215103481252
2026-05-24,453.0647025171263,426.6340395241767,449.4278011941567,447.1296506395129,447.1296506395129
2026-05-25,319.0023298206418,311.08646441876033,318.42947545229475,311.52607102432086,319.0023298206418
2026-05-26,258.68018431095595,222.3040317897455,222.3040317897455,258.68018431095595,222.3040317897455
2026-05-27,148.2803784882923,148.2803784882923,139.39836122974788,139.54976960503308,139.54976960503308
2026-05-28,366.22220006562435,323.81209022194423,341.6658045154534,323.81209022194423,323.81209022194423
2026-05-29,308.58731699552766,270.2067031781294,287.2369000155535,298.1273169955276,287.2369000155535
2026-05-30,313.7962519395905,307.2332784477961,313.625254315622,302.03689838729787,313.625254315622
2026-05-31,286.7212534617037,277.07723363744816,286.20042733991653,275.9022306845684,284.3753239870654
2026-06-01,154.8020273726547,148.11946484841806,149.6288658680136,144.139114215252,145.64851523484757
2026-06-02,92.54625858696328,74.76351532223809,83.60474309723908,91.86414044263726,92.54625858696328
2026-06-03,226.59204504451736,186.19431873429346,210.31771378375572,186.19431873429346,210.31771378375572
2026-06-04,18.179323859553033,-6.467832130144547,-1.30482746547192,7.793683359579656,-0.621261263390469
2026-06-05,169.81713002741085,90.42662167744417,106.18389814927522,99.85514954438757,103.01606601913068
2026-06-06,240.19519202715003,238.61561856041686,232.44843993014092,235.31967137933927,238.29672854794885
2026-06-07,296.32331533685743,274.10486938931456,294.72469008354875,294.9261394318663,295.26008258584585
2026-06-08,108.97907565251906,71.1240250348472,72.3440250348472,71.88354303715991,72.15359388242665
2026-06-09,42.46322333792331,-8.524522708856882,37.87051832094561,29.043716988173525,36.19251356888243
2026-06-10,56.525499582159455,47.75328804065096,45.63302037058628,49.77996875108518,45.079968751085175
2026-06-11,174.07874328660984,138.9550232542098,169.8615351917038,173.28546892863878,169.8615351917038
2026-06-12,72.33292986160112,62.66737704262725,60.5239810827854,61.83697234518691,61.83697234518691
2026-06-13,404.5218522939914,401.80737753429145,402.7283150746859,376.8963158029896,403.0466076816767
2026-06-14,275.709880909071,274.6797214198541,275.709880909071,275.709880909071,275.709880909071
2026-06-15,256.0184518176966,178.21372244855348,255.4402807177883,250.5828877184299,254.78186633414572
2026-06-16,181.06813664282527,156.33171242486367,167.72455098459633,179.15690154609376,180.01053627321704
2026-06-17,163.36004965637613,157.57376632956422,156.62004965637615,153.23773897088185,153.23773897088185
2026-06-18,166.5996510128121,166.5996510128121,162.49333006822357,166.53565365831014,166.53565365831014
2026-06-19,209.70187242259877,209.70187242259877,197.10590596015464,200.70187242259877,195.70108598328187
2026-06-20,231.27801451661134,230.30070890597506,230.9986114323222,231.27801451661134,231.27801451661134
2026-06-21,247.2639017543193,243.68026534956815,245.65379145544938,244.64242930627728,245.20999286286073
2026-06-22,248.64802630937868,213.55931375817994,246.49652516688187,247.33061735328909,248.64802630937868
2026-06-23,196.6843268874401,196.6843268874401,193.8106895791925,196.6843268874401,196.6843268874401
2026-06-24,369.9250513897449,369.9250513897449,364.7710208618389,366.98897763808077,366.98897763808077
2026-06-25,240.07215054945263,240.07215054945263,236.4336382896783,240.07215054945263,236.4336382896783
2026-06-26,218.48360371612816,213.58250072742888,217.83270379351043,212.93160080481115,212.93160080481115
2026-06-27,288.27329318604546,283.43911348155115,282.8943158302713,282.4791134815511,282.8943158302713
2026-06-28,278.9241178731099,257.89471478882075,277.2710339837011,278.64471478882075,278.9241178731099
2026-06-29,127.26307679475855,123.3484760075671,122.41982590086963,126.386120390478,123.00204573572915
2026-06-30,151.02056608740915,149.5413732882313,133.55767410128544,146.11035360823928,134.59099723982968
2026-07-01,72.45768529865866,46.67768529865863,61.88569498486086,61.64375376662167,61.88569498486086
2026-07-02,231.2044003387086,206.01876970701338,230.56120583544453,227.88161865145486,230.60522502577302
2026-07-03,234.305019090246,227.7183422287902,232.13892798170457,224.17137877234853,232.2455898659621
2026-07-04,246.77114844653494,244.4310238004376,244.4310238004376,246.41156094755985,244.4310238004376
2026-07-05,265.87296277920217,253.59236124433767,265.05771646655154,265.05771646655154,265.05771646655154
2026-07-06,211.0269440713452,180.0244915270369,200.370930157423,211.0269440713452,211.0269440713452
2026-07-07,198.6587141023886,198.4511129280285,198.4511129280285,198.4511129280285,198.4511129280285
2026-07-08,208.82714346322945,203.62022367844082,203.62022367844082,204.16361424895382,202.2937138747937
2026-07-09,207.1294009158656,187.64721072041718,204.18635656872272,204.18635656872272,204.18635656872272
2026-07-10,240.5764963322227,234.4341284405122,235.65650749501918,240.5764963322227,240.5764963322227
2026-07-11,273.75242307761994,270.04338388856354,269.729960809194,270.62748468330716,270.62748468330716
2026-07-12,272.8521688512862,272.40903667107074,269.88457660024795,272.8521688512862,269.88457660024795
2026-07-13,139.30850963616098,113.44651344326785,136.2964856937693,136.2964856937693,136.2964856937693
2026-07-14,96.0282176518462,90.32252119768597,94.49143112149136,94.49143112149136,94.49143112149136
2026-07-15,83.14994226152834,83.14994226152834,83.12239677178573,82.81434637816429,83.14994226152834
2026-07-16,151.15503746123284,151.15503746123284,151.15503746123284,151.15503746123284,151.15503746123284
2026-07-17,80.82116877658764,74.58013703425888,80.62293306874004,74.58013703425888,80.42823280382548
2026-07-18,263.91859914978835,245.5811079593128,263.75098761738366,263.0329685180931,263.75098761738366
2026-07-19,265.6571824811522,260.63345258047406,258.764529918945,262.624430923076,260.9671824811522
2026-07-20,172.8722356878607,158.7400729269254,172.21040938764506,161.63040938764507,172.21040938764506
2026-07-21,233.75014126927377,213.63682243489777,213.57594690256659,217.7792657369426,213.57594690256659
2026-07-22,133.06195630106518,116.39613058165399,128.36613058165398,128.36613058165398,128.36613058165398
2026-07-23,113.14310901529392,102.66714286783524,104.1905920871995,111.99674933319137,104.1905920871995
2026-07-24,316.5437340665398,297.93904779929056,315.95683149842404,298.5259503674063,316.5437340665398
2026-07-25,301.7439430117167,297.404930767407,294.3894067603843,298.49967452919356,299.58788553176913
2026-07-26,283.1385975402846,114.9357050989711,276.6056410262143,281.8421028540401,279.6141833805895
2026-07-27,195.839510808918,54.159305943756024,103.98922699942867,103.98922699942867,103.98922699942867
2026-07-28,306.9146797255042,171.3627445344771,300.4920746226876,258.6347550302107,271.59660799666204
2026-07-29,342.52843079746134,335.0937067722311,330.96699229299867,335.0937067722311,335.0937067722311
2026-07-30,289.4830817209852,289.4830817209852,233.84139388975115,284.740313750988,271.0930817209852
2026-07-31,160.3369616375802,143.99735485723866,123.71405400971078,128.21735485723866,143.36830768981673
2026-08-01,297.6786262347394,287.16053109514365,295.8382854698514,245.24619535543277,287.85149939468647
2026-08-02,314.08022952295954,296.29508806256524,314.00842761303045,311.239298700989,314.00842761303045
2026-08-03,267.55890565611156,102.74911187600361,257.1826119406346,206.734688648826,203.07212405989577
2026-08-04,231.4634097481495,211.4886090872198,230.97446539099838,207.82463335918666,207.82463335918666
2026-08-05,91.93336996005155,81.24336996005157,79.7916308323172,82.42966238496638,82.42966238496638
2026-08-06,6.904117647058854,-5.769172758475509,-6.367001704189153,-1.8028009686201933,-5.769172758475509
2026-08-07,287.78980302426925,107.76176470588234,274.81475447129105,245.49731286614045,275.1050839331781
2026-08-08,318.47016975437083,318.06433287216316,318.47016975437083,318.06433287216316,318.47016975437083
2026-08-09,326.8617413384863,322.68584213323,326.6399523410619,314.2195449489571,326.6399523410619
2026-08-10,56.21735058764712,48.01919921345572,48.01919921345572,48.01919921345572,48.01919921345572
2026-08-11,202.022511924802,151.418268846675,182.9165172230929,199.97615749182395,202.022511924802
2026-08-12,346.9972551276688,331.03049890127255,342.27890513176845,331.03049890127255,346.9972551276688
2026-08-13,389.81606829507973,389.81606829507973,378.34416451983617,388.7000168690086,378.34416451983617
2026-08-14,380.63839667910105,380.29031350705367,380.29031350705367,359.02380944229753,380.29031350705367
2026-08-15,299.17354947707275,298.32624014682307,295.43542007891233,295.43542007891233,295.43542007891233
2026-08-16,276.28901532501067,255.86715126681395,276.28901532501067,255.86715126681395,276.28901532501067
2026-08-17,54.250982179711755,-7.942692559662806,48.480380375277875,47.20272874271676,48.480380375277875
2026-08-18,71.32773327447991,49.224792686520345,64.8826549418862,69.53350384445618,65.72409869547342
2026-08-19,101.06398771330417,99.89054985026924,99.89054985026924,99.42536041405371,99.42536041405371
2026-08-20,46.737681704454005,45.01419567206494,44.43298583849598,39.76674200062149,44.43298583849598
2026-08-21,24.514212308139214,9.869842089666548,12.220772407074929,10.17176721097016,12.220772407074929
2026-08-22,261.36156126254525,256.8758059847527,260.8181608237541,254.93240554596156,261.01816082375416
2026-08-23,347.6742582665807,347.0467720102442,347.6742582665807,345.97963960608126,345.97963960608126
2026-08-24,242.27075017524106,155.68066677277474,242.27075017524106,231.02643771794803,239.36807428519992
2026-08-25,64.21015698017288,63.74022924753616,64.06893875846457,61.32715420541278,63.10191010952876
2026-08-26,82.95251400532042,81.39890507654222,61.52594430767593,80.66885459563318,81.39155961261086
2026-08-27,105.49676448517064,99.93686184487167,102.16682600346746,105.49676448517064,102.16682600346746
2026-08-28,16.001176470588263,13.062568893098454,13.062568893098454,13.062568893098454,13.062568893098454
2026-08-29,290.46114029338827,281.6320276184868,281.4353528217246,278.0369757408733,281.6320276184868
2026-08-30,348.2660418400996,344.60493822142945,346.47841596046754,346.2164873397475,348.0899650787856
2026-08-31,54.352764925770714,44.205146975131896,41.13180486625045,44.428192981150815,41.311209263809744
2026-09-01,119.97307016423983,114.38311842838226,113.13374498350422,111.2189102042142,113.13374498350422
2026-09-02,145.76647881638922,145.38323059841292,135.49772125360303,135.49772125360303,135.49772125360303
2026-09-03,90.21939363662416,86.16021010241789,85.76540314075048,85.76852496292132,85.76540314075048
2026-09-04,160.57987066559573,125.56149914885431,160.18964289424218,160.18964289424218,160.18964289424218
2026-09-05,117.6652504301692,64.2651786940322,117.44515447852666,117.44515447852666,117.44515447852666
2026-09-06,399.52678282347864,398.4072719947796,398.33892948747837,399.52678282347864,398.33892948747837
2026-09-07,217.88115354461564,188.9252442015118,201.91955318605267,202.481167587697,202.481167587697
2026-09-08,140.23116997236144,138.22213190304245,136.92492297276408,127.1104825930815,136.92492297276408
2026-09-09,48.44170694865889,8.078414216773979,26.13081226037002,15.971763487400533,19.410486297899325
2026-09-10,185.04023677759517,73.97374099930684,161.34527630059458,162.02656808022834,161.34527630059458
2026-09-11,114.35350797779952,74.53159020489062,111.46435337699695,112.81913238083735,111.46435337699695
2026-09-12,380.7123809463173,372.30962623838684,380.57658168188624,380.7123809463173,380.7123809463173
2026-09-13,243.37342199610669,243.37342199610669,241.05524462212492,241.30499039579124,241.05524462212492
2026-09-14,180.51784420332072,166.53010113952615,166.53010113952615,160.69247731667525,166.53010113952615
2026-09-15,281.4508236837942,246.52883959865386,281.2322961318362,253.3422607081181,281.2322961318362
2026-09-16,72.47823529411767,45.6220718767531,46.386918308606056,47.4164871561855,46.386918308606056
2026-09-17,67.4109850985295,36.8458823529412,66.35424829370407,51.76654710643838,63.89351787669814
2026-09-18,183.18213681447347,84.48249944185213,42.48064513736425,42.48064513736425,42.48064513736425
2026-09-19,322.7851088053187,318.84391176280184,314.6081708322367,318.74133632606055,319.11595498656
2026-09-20,352.9198472913165,351.9610686974557,338.41284096797375,352.7149887517108,343.86798242836795
2026-09-21,174.85634574464893,91.83669774338438,80.59751995701069,73.19086895411165,80.59751995701069
2026-09-22,249.72485238595561,125.89550700263453,249.1537425652923,222.72580507041687,223.63957003441163
2026-09-23,279.52221416306344,263.5151806935287,278.61532482243774,271.1421988708797,279.52221416306344
2026-09-24,162.4147309549097,158.4002400528582,160.48635180936475,107.25772711394654,143.09158967659133
2026-09-25,292.4355250684461,269.17997760525367,281.3184662222087,288.86177322924067,291.4622510975408
2026-09-26,405.26081636103453,381.77033090143453,397.73236435961525,405.26081636103453,401.92737623977314
2026-09-27,369.0369340993371,368.8676295211506,369.0369340993371,364.56219796635406,366.84389818574965
2026-09-28,204.35243173635786,147.7133214717558,186.6404813706435,179.46985330871848,187.80106467179854
2026-09-29,247.15333079298273,218.89176387343701,219.62447390059032,234.2678032332153,234.2240977228237
2026-09-30,175.2812907121957,173.06139969383923,170.44569276413804,172.6289355048803,175.2812907121957
